Rank,Traditional,Word,Pronunciation
1,一,一,yī
2,在,在,zài
3,有,有,yǒu
4,個,个,gè
5,我,我,wǒ
6,不,不,bù
7,這,这,zhè
8,他,他,tā
9,也,也,yě
10,就,就,jiù
11,人,人,rén
12,都,都,dōu
13,說,说,shuō
14,而,而,ér
15,們,们,men
16,你,你,nǐ
17,了,了,le
18,要,要,yào
19,會,会,huì
20,對,对,duì
21,及,及,jí
22,和,和,hé
23,與,与,yǔ
24,以,以,yǐ
25,很,很,hěn
26,種,种,zhǒng
27,的,的,de
28,大,大,dà
29,能,能,néng
30,著,着,zhe
31,她,她,tā
32,那,那,nà
33,上,上,shàng
34,但,但,dàn
35,年,年,nián
36,還,还,hái
37,可以,可以,kěyǐ
38,最,最,zuì
39,自己,自己,zìjǐ
40,為,为,wéi
41,來,来,lái
42,所,所,suǒ
43,他們,他们,tāmen
44,兩,两,liǎng
45,各,各,gè
46,可,可,kě
47,為,为,wéi
48,或,或,huò
49,好,好,hǎo
50,等,等,děng
51,又,又,yòu
52,將,将,jiāng
53,因為,因为,yīnwèi
54,於,于,yú
55,由,由,yóu
56,從,从,cóng
57,更,更,gèng
58,被,被,bèi
59,才,才,cái
60,已,已,yǐ
61,者,者,zhě
62,每,每,měi
63,次,次,cì
64,把,把,bǎ
65,三,三,sān
66,什麼,什么,shénme
67,問題,问题,wèntí
68,其,其,qí
69,讓,让,ràng
70,此,此,cǐ
71,做,做,zuò
72,再,再,zài
73,所以,所以,suǒyǐ
74,只,只,zhǐ
75,則,则,zé
76,台灣,台湾,Táiwān
77,卻,却,què
78,並,并,bìng
79,位,位,wèi
80,想,想,xiǎng
81,去,去,qù
82,呢,呢,ne
83,學生,学生,xuéshēng
84,表示,表示,biǎoshì
85,到,到,dào
86,公司,公司,gōngsī
87,將,将,jiāng
88,如果,如果,rúguǒ
89,社會,社会,shèhuì
90,看,看,kàn
91,小,小,xiǎo
92,天,天,tiān
93,因此,因此,yīncǐ
94,新,新,xīn
95,但是,但是,dànshì
96,它,它,tā
97,中,中,zhōng
98,使,使,shǐ
99,工作,工作,gōngzuò
100,全,全,quán
101,覺得,觉得,juéde
102,使用,使用,shǐyòng
103,這些,这些,zhèxiē
104,裡,里,lǐ
105,並,并,bìng
106,由於,由于,yóuyú
107,時候,时候,shíhòu
108,知道,知道,zhīdào
109,這樣,这样,zhèyàng
110,一,一,yī
111,認為,认为,rènwéi
112,時間,时间,shíjiān
113,事,事,shì
114,過,过,guò
115,向,向,xiàng
116,可能,可能,kěnéng
117,中國,中国,Zhōngguó
118,美國,美国,Měiguó
119,到,到,dào
120,和,和,hé
121,幾,几,jǐ
122,系統,系统,xìtǒng
123,政府,政府,zhèngfǔ
124,大家,大家,dàjiā
125,國家,国家,guójiā
126,許多,许多,xǔduō
127,生活,生活,shēnghuó
128,跟,跟,gēn
129,已經,已经,yǐjīng
130,大學,大学,dàxué
131,研究,研究,yánjiù
132,因,因,yīn
133,本,本,běn
134,二,二,èr
135,活動,活动,huódòng
136,該,该,gāi
137,世界,世界,shìjiè
138,應,应,yīng
139,四,四,sì
140,希望,希望,xīwàng
141,方式,方式,fāngshì
142,內,内,nèi
143,項,项,xiàng
144,啊,啊,ā
145,下,下,xià
146,環境,环境,huánjìng
147,一些,一些,yīxiē
148,必須,必须,bìxū
149,文化,文化,wénhuà
150,高,高,gāo
151,孩子,孩子,háizi
152,沒有,没有,méiyǒu
153,不能,不能,bùnéng
154,如,如,rú
155,開始,开始,kāishǐ
156,元,元,yuán
157,不同,不同,bùtóng
158,仍,仍,réng
159,網路,网路,wǎnglù
160,日本,日本,rìběn
161,用,用,yòng
162,中心,中心,zhōngxīn
163,來,来,lái
164,對,对,duì
165,雖然,虽然,suīrán
166,重要,重要,zhòngyào
167,地方,地方,dìfāng
168,進行,进行,jìnxíng
169,關係,关系,guānxì
170,市場,市场,shìchǎng
171,太,太,tài
172,老師,老师,lǎoshī
173,提供,提供,tígōng
174,學校,学校,xuéxiào
175,應該,应该,yīnggāi
176,指出,指出,zhǐchū
177,經濟,经济,jīngjì
178,其他,其他,qítā
179,家,家,jiā
180,發展,发展,fāzhǎn
181,教育,教育,jiàoyū
182,成為,成为,chéngwéi
183,多,多,duō
184,非常,非常,fēicháng
185,便,便,biàn
186,方面,方面,fāngmiàn
187,很多,很多,hěnduō
188,吃,吃,chī
189,然後,然后,ránhòu
190,未,未,wèi
191,發現,发现,fāxiàn
192,電腦,电脑,diànnǎo
193,一樣,一样,yīyàng
194,而且,而且,érqiě
195,心,心,xīn
196,不過,不过,búguò
197,無法,无法,wúfǎ
198,企業,企业,qǐyè
199,正,正,zhèng
200,服務,服务,fúwù
201,較,较,jiào
202,不會,不会,búhuì
203,臺灣,台湾,táiwān
204,曾,曾,céng
205,嗎,吗,mā
206,空間,空间,kōngjiān
207,看到,看到,kàndào
208,五,五,wǔ
209,如何,如何,rúhé
210,國內,国内,guónèi
211,們,们,men
212,無,无,wú
213,對於,对于,duìyú
214,以及,以及,yǐjí
215,之後,之后,zhīhòu
216,可是,可是,kěshì
217,當,当,dāng
218,人員,人员,rényuán
219,比,比,bǐ
220,先,先,xiān
221,產品,产品,chǎnpǐn
222,資訊,资讯,zīxùn
223,資料,资料,zīliào
224,比較,比较,bǐjiào
225,先生,先生,xiānshēng
226,地,地,dì
227,除了,除了,chúle
228,大陸,大陆,dàlù
229,需要,需要,xūyào
230,像,像,xiàng
231,在,在,zài
232,給,给,gěi
233,歲,岁,suì
234,請,请,qǐng
235,月,月,yuè
236,些,些,xiē
237,名,名,míng
238,另,另,lìng
239,若,若,ruò
240,亦,亦,yì
241,地區,地区,dìqū
242,技術,技术,jìshù
243,至,至,zhì
244,特別,特别,tèbié
245,其實,其实,qíshí
246,國際,国际,guójì
247,不要,不要,búyào
248,發生,发生,fāshēng
249,參加,参加,cānjiā
250,一定,一定,yīdìng
251,其中,其中,qízhōng
252,問,问,wèn
253,台北,台北,táiběi
254,包括,包括,bāokuò
255,講,讲,jiǎng
256,造成,造成,zàochéng
257,看,看,kàn
258,像,像,xiàng
259,常,常,cháng
260,即,即,jí
261,喜歡,喜欢,xǐhuān
262,去,去,qù
263,沒,没,méi
264,出現,出现,chūxiàn
265,政治,政治,zhèngzhì
266,話,话,huà
267,走,走,zǒu
268,單位,单位,dānwèi
269,一直,一直,yīzhí
270,吧,吧,ba
271,是否,是否,shìfǒu
272,當然,当然,dāngrán
273,整,整,zhěng
274,處理,处理,chǔlǐ
275,歷史,历史,lìshǐ
276,了解,了解,liǎojiě
277,那,那,nà
278,怎麼,怎么,zěnme
279,機會,机会,jīhuì
280,家,家,jiā
281,聽,听,tīng
282,所有,所有,suǒyǒu
283,只要,只要,zhǐyào
284,朋友,朋友,péngyou
285,令,令,lìng
286,甚至,甚至,shènzhì
287,用,用,yòng
288,真,真,zhēn
289,六,六,liù
290,呀,呀,ya
291,情況,情况,qíngkuàng
292,還是,还是,háishì
293,錢,钱,qián
294,方法,方法,fāngfǎ
295,點,点,diǎn
296,任何,任何,rènhé
297,經驗,经验,jīngyàn
298,藝術,艺术,yìshù
299,你們,你们,nǐmen
300,十,十,shí
301,主要,主要,zhǔyào
302,媽媽,妈妈,māmā
303,增加,增加,zēngjiā
304,提出,提出,tíchū
305,為什麼,为什么,wèishénme
306,以,以,yǐ
307,您,您,nín
308,計畫,计画,jìhuà
309,作,作,zuò
310,利用,利用,lìyòng
311,東西,东西,dōngxī
312,在,在,zài
313,條,条,tiáo
314,設計,设计,shèjì
315,找,找,zhǎo
316,之間,之间,zhījiān
317,成長,成长,chéngzhǎng
318,能夠,能够,nénggòu
319,決定,决定,juédìng
320,學習,学习,xuéxí
321,誰,谁,shéi
322,見,见,jiàn
323,半,半,bàn
324,時代,时代,shídài
325,完成,完成,wánchéng
326,帶,带,dài
327,相當,相当,xiāngdāng
328,同學,同学,tóngxué
329,件,件,jiàn
330,能力,能力,nénglì
331,別人,别人,biérén
332,生命,生命,shēngmìng
333,下,下,xià
334,來,来,lái
335,場,场,cháng
336,會議,会议,huìyì
337,容易,容易,róngyì
338,開發,开发,kāifā
339,民眾,民众,mínzhòng
340,事情,事情,shìqíng
341,書,书,shū
342,事實,事实,shìshí
343,有關,有关,yǒuguān
344,自,自,zì
345,組織,组织,zǔzhī
346,言,言,yán
347,多,多,duō
348,愛,爱,ài
349,建立,建立,jiànlì
350,相關,相关,xiāngguān
351,均,均,jūn
352,產生,产生,chǎnshēng
353,多,多,duō
354,業者,业者,yèzhě
355,解決,解决,jiějué
356,完全,完全,wánquán
357,的話,的话,dehuà
358,接受,接受,jiēshòu
359,知,知,zhī
360,約,约,yuē
361,一般,一般,yībān
362,推動,推动,tuīdòng
363,過程,过程,guòchéng
364,管理,管理,guǎnlǐ
365,功能,功能,gōngnéng
366,手,手,shǒu
367,打,打,dǎ
368,水,水,shuǐ
369,要求,要求,yāoqiú
370,小朋友,小朋友,xiǎopéngyǒu
371,教授,教授,jiàoshòu
372,難,难,nán
373,我國,我国,wǒguó
374,告訴,告诉,gàosù
375,內容,内容,nèiróng
376,結果,结果,jiéguǒ
377,調查,调查,diàochá
378,家庭,家庭,jiātíng
379,成立,成立,chénglì
380,選擇,选择,xuǎnzé
381,經營,经营,jīngyíng
382,然而,然而,ránér
383,父母,父母,fùmǔ
384,寫,写,xiě
385,人類,人类,rénlèi
386,至於,至于,zhìyū
387,買,买,mǎi
388,尤其,尤其,yóuqí
389,配合,配合,pèihé
390,進入,进入,jìnrù
391,例如,例如,lìrú
392,得,得,děi
393,討論,讨论,tǎolùn
394,依,依,yī
395,作品,作品,zuòpǐn
396,情形,情形,qíngxíng
397,資源,资源,zīyuán
398,原因,原因,yuányīn
399,啦,啦,lā
400,妳,妳,nǐ
401,運動,运动,yùndòng
402,觀念,观念,guānniàn
403,給,给,gěi
404,軟體,软体,ruǎntǐ
405,品質,品质,pǐnzhí
406,經過,经过,jīngguò
407,如此,如此,rúcǐ
408,嗯,嗯,ēn
409,精神,精神,jīngshén
410,影響,影响,yǐngxiǎng
411,之,之,zhī
412,過,过,guò
413,好像,好像,hǎoxiàng
414,成,成,chéng
415,參與,参与,cānyū
416,以後,以后,yǐhòu
417,於是,于是,yūshì
418,部分,部分,bùfèn
419,另外,另外,lìngwài
420,公園,公园,gōngyuán
421,透過,透过,tòuguò
422,訓練,训练,xùnliàn
423,努力,努力,nǔlì
424,研究,研究,yánjiù
425,具有,具有,jùyǒu
426,共同,共同,gòngtóng
427,所謂,所谓,suǒwèi
428,下,下,xià
429,行為,行为,xíngwéi
430,合作,合作,hézuò
431,經,经,jīng
432,合作,合作,hézuò
433,目標,目标,mùbiāo
434,起來,起来,qǐlái
435,考慮,考虑,kǎolǜ
436,長,长,cháng
437,意見,意见,yìjiàn
438,辦法,办法,bànfǎ
439,音樂,音乐,yīnyuè
440,連,连,lián
441,受,受,shòu
442,廠商,厂商,chǎngshāng
443,隻,只,zhī
444,受到,受到,shòudào
445,一切,一切,yīqiè
446,或是,或是,huòshì
447,中央,中央,zhōngyāng
448,某,某,mǒu
449,女性,女性,nǔxìng
450,教學,教学,jiāoxué
451,極,极,jí
452,獲得,获得,huòdé
453,真的,真的,zhēnde
454,路,路,lù
455,來,来,lái
456,快,快,kuài
457,國小,国小,guóxiǎo
458,部份,部份,bùfèn
459,工程,工程,gōngchéng
460,女人,女人,nǔrén
461,舉行,举行,jǔxíng
462,句,句,jù
463,只是,只是,zhǐshì
464,段,段,duàn
465,根據,根据,gēnjù
466,現象,现象,xiànxiàng
467,人民,人民,rénmín
468,土地,土地,tǔdì
469,面對,面对,miànduì
470,注意,注意,zhùyì
471,這裡,这里,zhèlǐ
472,新聞,新闻,xīnwén
473,繼續,继续,jìxù
474,相信,相信,xiāngxìn
475,政策,政策,zhèngcè
476,變成,变成,biànchéng
477,計劃,计划,jìhuà
478,強調,强调,qiángdiào
479,學,学,xué
480,人士,人士,rénshì
481,前,前,qián
482,前,前,qián
483,存在,存在,cúnzài
484,制度,制度,zhìdù
485,意義,意义,yìyì
486,代表,代表,dàibiǎo
487,課程,课程,kèchéng
488,該,该,gāi
489,沒,没,méi
490,至,至,zhì
491,需求,需求,xūqiú
492,人生,人生,rénshēng
493,那些,那些,nǎxiē
494,成功,成功,chénggōng
495,爸爸,爸爸,bàbà
496,產業,产业,chǎnyè
497,負責,负责,fùzé
498,民間,民间,mínjiān
499,雖,虽,suī
500,影響,影响,yǐngxiǎng
501,直接,直接,zhíjiē
502,幾乎,几乎,jīhū
503,分,分,fèn
504,實際,实际,shíjì
505,團體,团体,tuántǐ
506,價值,价值,jiàzhí
507,使得,使得,shǐde
508,類,类,lèi
509,形成,形成,xíngchéng
510,科技,科技,kējì
511,這麼,这么,zhème
512,當,当,dāng
513,七,七,qī
514,不但,不但,búdàn
515,往,往,wǎng
516,本身,本身,běnshēn
517,標準,标准,biāozhǔn
518,似乎,似乎,sìhū
519,應用,应用,yìngyòng
520,或者,或者,huòzhě
521,動物,动物,dòngwù
522,電話,电话,diànhuà
523,態度,态度,tàidù
524,建設,建设,jiànshè
525,事業,事业,shìyè
526,老,老,lǎo
527,那麼,那么,nàmo
528,常常,常常,chángcháng
529,字,字,zì
530,坐,坐,zuò
531,舉辦,举办,jǔbàn
532,自我,自我,zìwǒ
533,有的,有的,yǒude
534,具,具,jù
535,目的,目的,mùdì
536,塊,块,kuài
537,條件,条件,tiáojiàn
538,即使,即使,jíshǐ
539,好,好,hǎo
540,十分,十分,shífēn
541,多少,多少,duōshǎo
542,放,放,fàng
543,又,又,yòu
544,電影,电影,diànyǐng
545,科學,科学,kēxué
546,執行,执行,zhíxíng
547,邊,边,biān
548,委員會,委员会,wěiyuánhuì
549,溝通,沟通,gōutōng
550,開,开,kāi
551,一起,一起,yīqǐ
552,張,张,zhāng
553,針對,针对,zhēnduì
554,員工,员工,yuángōng
555,引起,引起,yǐnqǐ
556,自然,自然,zìrán
557,那麼,那么,nàmo
558,安全,安全,ānquán
559,總統,总统,zǒngtǒng
560,此外,此外,cǐwài
561,擁有,拥有,yǒngyǒu
562,並且,并且,bìngqiě
563,事件,事件,shìjiàn
564,設計,设计,shèjì
565,研究所,研究所,yánjiùsuǒ
566,語言,语言,yǔyán
567,嚴重,严重,yánzhòng
568,故事,故事,gùshì
569,學術,学术,xuéshù
570,片,片,piàn
571,設備,设备,shèbèi
572,之外,之外,zhīwài
573,車,车,chē
574,基本,基本,jīběn
575,實在,实在,shízài
576,久,久,jiǔ
577,套,套,tào
578,達到,达到,dádào
579,改善,改善,gǎishàn
580,死,死,sǐ
581,結構,结构,jiégòu
582,住,住,zhù
583,皆,皆,jiē
584,改變,改变,gǎibiàn
585,拿,拿,ná
586,小組,小组,xiǎozǔ
587,支持,支持,zhīchí
588,座,座,zuò
589,醫院,医院,yīyuàn
590,既,既,jì
591,僅,仅,jǐn
592,值得,值得,zhíde
593,學者,学者,xuézhě
594,八,八,bā
595,交通,交通,jiāotōng
596,階段,阶段,jiēduàn
597,就是,就是,jiùshì
598,申請,申请,shēnqǐng
599,主管,主管,zhǔguǎn
600,申請,申请,shēnqǐng
601,同,同,tóng
602,感覺,感觉,gǎnjué
603,電視,电视,diànshì
604,母親,母亲,mǔqīn
605,嘛,嘛,má
606,香港,香港,xiānggǎng
607,記者,记者,jìzhě
608,壓力,压力,yālì
609,快樂,快乐,kuàilè
610,喝,喝,hē
611,敢,敢,gǎn
612,院,院,yuàn
613,也許,也许,yěxǔ
614,人們,人们,rénmen
615,談,谈,tán
616,生產,生产,shēngchǎn
617,怕,怕,pà
618,就,就,jiù
619,身體,身体,shēntǐ
620,規定,规定,guīdìng
621,程度,程度,chéngdù
622,積極,积极,jījí
623,知識,知识,zhīshì
624,作為,作为,zuòwéi
625,機構,机构,jīgòu
626,而是,而是,érshì
627,鼓勵,鼓励,gǔlì
628,角色,角色,jiǎosè
629,狀況,状况,zhuàngkuàng
630,專家,专家,zhuānjiā
631,據,据,jù
632,清楚,清楚,qīngchǔ
633,不僅,不仅,bùjǐn
634,比賽,比赛,bǐsài
635,玩,玩,wán
636,效果,效果,xiàoguǒ
637,越,越,yuè
638,保護,保护,bǎohù
639,共,共,gòng
640,開放,开放,kāifàng
641,附近,附近,fùjìn
642,上,上,shàng
643,父親,父亲,fùqīn
644,專業,专业,zhuānyè
645,經費,经费,jīngfèi
646,曾經,曾经,céngjīng
647,工作,工作,gōngzuò
648,願意,愿意,yuànyì
649,分別,分别,fēnbié
650,重視,重视,zhòngshì
651,不少,不少,bùshǎo
652,歡迎,欢迎,huānyíng
653,小孩,小孩,xiǎohái
654,小時,小时,xiǎoshí
655,中國人,中国人,zhōngguórén
656,顯示,显示,xiǎnshì
657,中共,中共,zhōnggòng
658,出,出,chū
659,男人,男人,nánrén
660,避免,避免,bìmiǎn
661,屬於,属于,shǔyú
662,實施,实施,shíshī
663,聲音,声音,shēngyīn
664,主義,主义,zhǔyì
665,行動,行动,xíngdòng
666,不可,不可,bùkě
667,只有,只有,zhǐyǒu
668,校園,校园,xiàoyuán
669,興趣,兴趣,xìngqù
670,山,山,shān
671,表現,表现,biǎoxiàn
672,得,得,dé
673,回來,回来,huílái
674,主任,主任,zhǔrèn
675,裡面,里面,lǐmiàn
676,經常,经常,jīngcháng
677,不再,不再,búzài
678,電子,电子,diànzǐ
679,受,受,shòu
680,思想,思想,sīxiǎng
681,頭,头,tóu
682,終於,终于,zhōngyū
683,謝謝,谢谢,xièxiè
684,協助,协助,xiézhù
685,除,除,chú
686,當地,当地,dāngdì
687,正式,正式,zhèngshì
688,真正,真正,zhēnzhèng
689,低,低,dī
690,性,性,xìng
691,份,份,fèn
692,因素,因素,yīnsù
693,推出,推出,tuīchū
694,上,上,shàng
695,價格,价格,jiàgé
696,去,去,qù
697,認識,认识,rènshì
698,方向,方向,fāngxiàng
699,責任,责任,zérèn
700,說明,说明,shuōmíng
701,工業,工业,gōngyè
702,大量,大量,dàliàng
703,做,做,zuò
704,逐漸,逐渐,zhújiàn
705,心理,心理,xīnlǐ
706,一點,一点,yīdiǎn
707,供,供,gōng
708,須,须,xū
709,簡單,简单,jiǎndān
710,運用,运用,yùnyòng
711,觀察,观察,guānchá
712,往往,往往,wǎngwǎng
713,規劃,规划,guīhuà
714,減少,减少,jiǎnshǎo
715,重新,重新,chóngxīn
716,業務,业务,yèwù
717,報導,报导,bàodǎo
718,仍然,仍然,réngrán
719,感到,感到,gǎndào
720,開放,开放,kāifàng
721,領域,领域,lǐngyù
722,有效,有效,yǒuxiào
723,女,女,nǔ
724,要,要,yào
725,從事,从事,cóngshì
726,發揮,发挥,fāhuī
727,人才,人才,réncái
728,反而,反而,fǎnér
729,行政,行政,xíngzhèng
730,銀行,银行,yínháng
731,公共,公共,gōnggòng
732,媒體,媒体,méitǐ
733,提高,提高,tígāo
734,代,代,dài
735,自然,自然,zìrán
736,社區,社区,shèqū
737,力量,力量,lìliàng
738,啊,啊,ā
739,教育部,教育部,jiàoyūbù
740,愈,愈,yū
741,超過,超过,chāoguò
742,維持,维持,wéichí
743,家長,家长,jiāzhǎng
744,結合,结合,jiéhé
745,校長,校长,xiàozhǎng
746,通常,通常,tōngcháng
747,缺乏,缺乏,quēfá
748,委員,委员,wěiyuán
749,特色,特色,tèsè
750,結果,结果,jiéguǒ
751,有時,有时,yǒushí
752,教師,教师,jiàoshī
753,之前,之前,zhīqián
754,遠,远,yuǎn
755,控制,控制,kòngzhì
756,本,本,běn
757,否則,否则,fǒuzé
758,法,法,fǎ
759,少,少,shǎo
760,原則,原则,yuánzé
761,要,要,yào
762,臉,脸,liǎn
763,通過,通过,tōngguò
764,建議,建议,jiànyì
765,工具,工具,gōngjù
766,作業,作业,zuòyè
767,達,达,dá
768,節目,节目,jiémù
769,智慧,智慧,zhìhuì
770,來自,来自,láizì
771,而,而,ér
772,變化,变化,biànhuà
773,同樣,同样,tóngyàng
774,形式,形式,xíngshì
775,站,站,zhàn
776,以為,以为,yǐwéi
777,健康,健康,jiànkāng
778,擔任,担任,dānrèn
779,人口,人口,rénkǒu
780,規劃,规划,guīhuà
781,剛,刚,gāng
782,特殊,特殊,tèshū
783,原來,原来,yuánlái
784,道,道,dào
785,分,分,fēn
786,傳統,传统,chuántǒng
787,總是,总是,zǒngshì
788,前往,前往,qiánwǎng
789,投資,投资,tóuzī
790,加強,加强,jiāqiáng
791,不斷,不断,búduàn
792,對象,对象,duìxiàng
793,追求,追求,zhuīqiú
794,加上,加上,jiāshàng
795,比,比,bǐ
796,思考,思考,sīkǎo
797,製作,制作,zhìzuò
798,台北市,台北市,táiběishì
799,取得,取得,qǔdé
800,出來,出来,chūlái
801,加入,加入,jiārù
802,台,台,tái
803,安排,安排,ānpái
804,兒童,儿童,értóng
805,國中,国中,guózhōng
806,範圍,范围,fànwéi
807,老人,老人,lǎorén
808,雙方,双方,shuāngfāng
809,牠,它,tā
810,北京,北京,běijīng
811,年輕,年轻,niánqīng
812,結束,结束,jiéshù
813,教,教,jiāo
814,程式,程式,chéngshì
815,婦女,妇女,fùnǔ
816,找到,找到,zhǎodào
817,彼此,彼此,bǐcǐ
818,全球,全球,quánqiú
819,成本,成本,chéngběn
820,回到,回到,huídào
821,部,部,bù
822,而已,而已,éryǐ
823,之下,之下,zhīxià
824,等,等,děng
825,變,变,biàn
826,期間,期间,qíjiān
827,非,非,fēi
828,小姐,小姐,xiǎojiě
829,整體,整体,zhěngtǐ
830,採用,采用,cǎiyòng
831,根本,根本,gēnběn
832,叫,叫,jiào
833,歐洲,欧洲,ōuzhōu
834,正在,正在,zhèngzài
835,加以,加以,jiāyǐ
836,充滿,充满,chōngmǎn
837,系列,系列,xìliè
838,隨著,随着,suízhe
839,早,早,zǎo
840,等等,等等,děngděng
841,頗,颇,pǒ
842,不足,不足,bùzú
843,總,总,zǒng
844,分析,分析,fēnxī
845,深,深,shēn
846,報告,报告,bàogào
847,不錯,不错,búcuò
848,在於,在于,zàiyū
849,旁,旁,páng
850,笑,笑,xiào
851,故,故,gù
852,消費者,消费者,xiāofèizhě
853,意識,意识,yìshì
854,公尺,公尺,gōngchǐ
855,民族,民族,mínzú
856,為主,为主,wéizhǔ
857,大眾,大众,dàzhòng
858,到底,到底,dàodǐ
859,願,愿,yuàn
860,度,度,dù
861,大概,大概,dàgài
862,對方,对方,duìfāng
863,官員,官员,guānyuán
864,發表,发表,fābiǎo
865,進一步,进一步,jìnyībù
866,自由,自由,zìyóu
867,正確,正确,zhèngquè
868,豐富,丰富,fēngfù
869,國民黨,国民党,guómíndǎng
870,戰爭,战争,zhànzhēng
871,怎麼樣,怎么样,zěnmeyàng
872,只好,只好,zhǐhǎo
873,明顯,明显,míngxiǎn
874,改革,改革,gǎigé
875,表達,表达,biǎodá
876,肯定,肯定,kěndìng
877,強,强,qiáng
878,高興,高兴,gāoxìng
879,哪,哪,nǎ
880,樹,树,shù
881,適合,适合,shìhé
882,茶,茶,chá
883,別,别,bié
884,國外,国外,guówài
885,關心,关心,guānxīn
886,蘇聯,苏联,sūlián
887,成績,成绩,chéngjī
888,人物,人物,rénwù
889,聽到,听到,tīngdào
890,創造,创造,chuàngzào
891,不必,不必,búbì
892,不論,不论,búlùn
893,尚,尚,shàng
894,居民,居民,jūmín
895,不管,不管,bùguǎn
896,美麗,美丽,měilì
897,伊拉克,伊拉克,yīlākè
898,帶來,带来,dàilái
899,有,有,yǒu
900,般,般,bān
901,永遠,永远,yǒngyuǎn
902,感情,感情,gǎnqíng
903,兒子,儿子,érzi
904,這樣子,这样子,zhèyàngzi
905,起,起,qǐ
906,全部,全部,quánbù
907,回家,回家,huíjiā
908,獨立,独立,dúlì
909,英國,英国,yīngguó
910,投資,投资,tóuzī
911,理論,理论,lǐlùn
912,面臨,面临,miànlín
913,選手,选手,xuǎnshǒu
914,分鐘,分钟,fēnzhōng
915,內部,内部,nèibù
916,西方,西方,xīfāng
917,人家,人家,rénjiā
918,準備,准备,zhǔnbèi
919,眼睛,眼睛,yǎnjīng
920,如,如,rú
921,眼,眼,yǎn
922,離開,离开,líkāi
923,競爭,竞争,jìngzhēng
924,專利,专利,zhuānlì
925,成果,成果,chéngguǒ
926,活,活,huó
927,心情,心情,xīnqíng
928,介紹,介绍,jièshào
929,現場,现场,xiànchǎng
930,突然,突然,túrán
931,客戶,客户,kèhù
932,間,间,jiān
933,印象,印象,yìnxiàng
934,花,花,huā
935,海,海,hǎi
936,真正,真正,zhēnzhèng
937,保持,保持,bǎochí
938,時期,时期,shíqí
939,層,层,céng
940,保持,保持,bǎochí
941,方便,方便,fāngbiàn
942,幫助,帮助,bāngzhù
943,基礎,基础,jīchǔ
944,個人,个人,gèrén
945,新竹,新竹,xīnzhú
946,李,李,lǐ
947,生,生,shēng
948,圖書館,图书馆,túshūguǎn
949,她們,她们,tāmen
950,美元,美元,měiyuán
951,讀,读,dú
952,以來,以来,yǐlái
953,或許,或许,huòxǔ
954,課,课,kè
955,病人,病人,bìngrén
956,實驗,实验,shíyàn
957,有時候,有时候,yǒushíhòu
958,辦理,办理,bànlǐ
959,部門,部门,bùmén
960,類似,类似,lèisì
961,廣告,广告,guǎnggào
962,送,送,sòng
963,夠,够,gòu
964,新加坡,新加坡,xīnjiāpō
965,擔心,担心,dānxīn
966,商業,商业,shāngyè
967,掌握,掌握,zhǎngwò
968,兩岸,两岸,liǎngàn
969,門,门,mén
970,方案,方案,fāngàn
971,至少,至少,zhìshǎo
972,看法,看法,kànfǎ
973,原本,原本,yuánběn
974,措施,措施,cuòshī
975,表現,表现,biǎoxiàn
976,社團,社团,shètuán
977,九,九,jiǔ
978,展開,展开,zhǎnkāi
979,如,如,rú
980,博士,博士,bóshì
981,道路,道路,dàolù
982,竟,竟,jìng
983,項目,项目,xiàngmù
984,需,需,xū
985,學院,学院,xuéyuàn
986,代表,代表,dàibiǎo
987,同意,同意,tóngyì
988,原住民,原住民,yuánzhùmín
989,策略,策略,cèluè
990,白,白,bái
991,平均,平均,píngjūn
992,所,所,suǒ
993,靠,靠,kào
994,互相,互相,hùxiāng
995,地位,地位,dìwèi
996,體育,体育,tǐyù
997,樣,样,yàng
998,亞洲,亚洲,yǎzhōu
999,採取,采取,cǎiqǔ
1000,日,日,rì
1001,畢業,毕业,bìyè
1002,相同,相同,xiāngtóng
1003,欣賞,欣赏,xīnshǎng
1004,法律,法律,fǎlù
1005,詞,词,cí
1006,大型,大型,dàxíng
1007,中華,中华,zhōnghuá
1008,台大,台大,táidà
1009,意思,意思,yìsī
1010,在一起,在一起,zàiyīqǐ
1011,係,系,xì
1012,持續,持续,chíxù
1013,群,群,qún
1014,慢慢,慢慢,mànmàn
1015,高雄,高雄,gāoxióng
1016,製造,制造,zhìzào
1017,醫療,医疗,yīliáo
1018,邀請,邀请,yāoqǐng
1019,滿足,满足,mǎnzú
1020,速度,速度,sùdù
1021,重點,重点,zhòngdiǎn
1022,保存,保存,bǎocún
1023,評估,评估,pínggū
1024,限制,限制,xiànzhì
1025,符合,符合,fúhé
1026,利益,利益,lìyì
1027,組成,组成,zǔchéng
1028,檢查,检查,jiǎnchá
1029,看見,看见,kànjiàn
1030,瞭解,了解,liǎojiě
1031,立刻,立刻,lìkè
1032,女兒,女儿,nǔér
1033,數,数,shù
1034,上課,上课,shàngkè
1035,整合,整合,zhěnghé
1036,更多,更多,gèngduō
1037,唯一,唯一,wéiyī
1038,人數,人数,rénshù
1039,的確,的确,díquè
1040,主題,主题,zhǔtí
1041,用戶,用户,yònghù
1042,快速,快速,kuàisù
1043,設施,设施,shèshī
1044,文學,文学,wénxué
1045,步,步,bù
1046,那裡,那里,nàlǐ
1047,到,到,dào
1048,美,美,měi
1049,需要,需要,xūyào
1050,失去,失去,shīqù
1051,做為,做为,zuòwéi
1052,複雜,复杂,fùzá
1053,屆,届,jiè
1054,作用,作用,zuòyòng
1055,調整,调整,tiáozhěng
1056,佔,占,zhàn
1057,要求,要求,yāoqiú
1058,高中,高中,gāozhōng
1059,動作,动作,dòngzuò
1060,模式,模式,móshì
1061,多,多,duó
1062,吸引,吸引,xīyǐn
1063,記得,记得,jìde
1064,賣,卖,mài
1065,例,例,lì
1066,推廣,推广,tuīguǎng
1067,本來,本来,běnlái
1068,具體,具体,jùtǐ
1069,太太,太太,tàitài
1070,之中,之中,zhīzhōng
1071,宗教,宗教,zōngjiào
1072,舊,旧,jiù
1073,反應,反应,fǎnyìng
1074,觀眾,观众,guānzhòng
1075,立場,立场,lìchǎng
1076,旅遊,旅遊,lǔyóu
1077,因而,因而,yīnér
1078,理念,理念,lǐniàn
1079,它們,它们,tāmen
1080,上面,上面,shàngmiàn
1081,回,回,huí
1082,支,支,zhī
1083,少年,少年,shàonián
1084,輔導,辅导,fǔdǎo
1085,爭取,争取,zhēngqǔ
1086,輔導,辅导,fǔdǎo
1087,想到,想到,xiǎngdào
1088,可能,可能,kěnéng
1089,尊重,尊重,zūnzhòng
1090,替,替,tì
1091,地點,地点,dìdiǎn
1092,何,何,hé
1093,黨,党,dǎng
1094,進步,进步,jìnbù
1095,欲,欲,yū
1096,危機,危机,wéijī
1097,正常,正常,zhèngcháng
1098,角度,角度,jiǎodù
1099,尚未,尚未,shàngwèi
1100,院長,院长,yuànzhǎng
1101,習慣,习惯,xíguàn
1102,期,期,qí
1103,環保,环保,huánbǎo
1104,交流,交流,jiāoliú
1105,困難,困难,kùnnán
1106,需,需,xū
1107,完整,完整,wánzhěng
1108,費用,费用,fèiyòng
1109,完整,完整,wánzhěng
1110,上述,上述,shàngshù
1111,呈現,呈现,chéngxiàn
1112,照顧,照顾,zhàogù
1113,達成,达成,dáchéng
1114,批,批,pī
1115,培養,培养,péiyǎng
1116,垃圾,垃圾,lèsè
1117,圖,图,tú
1118,擴大,扩大,kuòdà
1119,篇,篇,piān
1120,比例,比例,bǐlì
1121,風格,风格,fēnggé
1122,難以,难以,nányǐ
1123,機關,机关,jīguān
1124,情緒,情绪,qíngxù
1125,勞工,劳工,láogōng
1126,一旦,一旦,yīdàn
1127,多媒體,多媒体,duōméitǐ
1128,求,求,qiú
1129,絕對,绝对,juéduì
1130,資料庫,资料库,zīliàokù
1131,選舉,选举,xuǎnjǔ
1132,不可能,不可能,bùkěnéng
1133,馬上,马上,mǎshàng
1134,說話,说话,shuōhuà
1135,享受,享受,xiǎngshòu
1136,工廠,工厂,gōngchǎng
1137,食物,食物,shíwù
1138,消息,消息,xiāoxí
1139,番,番,fān
1140,趨勢,趋势,qūshì
1141,房子,房子,fángzi
1142,觀點,观点,guāndiǎn
1143,購買,购买,gòumǎi
1144,普遍,普遍,pǔbiàn
1145,設立,设立,shèlì
1146,差異,差异,chāyì
1147,差,差,chā
1148,另外,另外,lìngwài
1149,統一,统一,tǒngyī
1150,青年,青年,qīngnián
1151,統一,统一,tǒngyī
1152,行政院,行政院,xíngzhèngyuàn
1153,規模,规模,guīmó
1154,股,股,gǔ
1155,破壞,破坏,pòhuài
1156,想要,想要,xiǎngyào
1157,換,换,huàn
1158,選,选,xuǎn
1159,人力,人力,rénlì
1160,美,美,měi
1161,水準,水准,shuǐzhǔn
1162,首,首,shǒu
1163,河川,河川,héchuān
1164,文字,文字,wénzì
1165,立即,立即,lìjí
1166,適當,适当,shìdàng
1167,醫師,医师,yīshī
1168,屬,属,shǔ
1169,重,重,zhòng
1170,就是說,就是说,jiùshìshuō
1171,結婚,结婚,jiéhūn
1172,有,有,yǒu
1173,日子,日子,rìzi
1174,非,非,fēi
1175,貿易,贸易,màoyì
1176,相當,相当,xiāngdāng
1177,參觀,参观,cānguān
1178,公開,公开,gōngkāi
1179,順利,顺利,shùnlì
1180,男,男,nán
1181,銷售,销售,xiāoshòu
1182,辦,办,bàn
1183,銷售,销售,xiāoshòu
1184,維護,维护,wéihù
1185,投入,投入,tóurù
1186,稱,称,chēng
1187,加上,加上,jiāshàng
1188,民進黨,民进党,mínjìndǎng
1189,必,必,bì
1190,自由,自由,zìyóu
1191,有限,有限,yǒuxiàn
1192,預算,预算,yūsuàn
1193,計算,计算,jìsuàn
1194,效率,效率,xiàolù
1195,樣子,样子,yàngzi
1196,訪問,访问,fǎngwèn
1197,位於,位于,wèiyū
1198,訪問,访问,fǎngwèn
1199,接觸,接触,jiēchù
1200,流行,流行,liúxíng
1201,喔,喔,wō
1202,股市,股市,gǔshì
1203,召開,召开,zhàokāi
1204,運作,运作,yùnzuò
1205,出版,出版,chūbǎn
1206,藉,借,jiè
1207,觀光,观光,guānguāng
1208,降低,降低,jiàngdī
1209,大約,大约,dàyuē
1210,來源,来源,láiyuán
1211,理由,理由,lǐyóu
1212,不斷,不断,búduàn
1213,一點,一点,yīdiǎn
1214,回答,回答,huídá
1215,青少年,青少年,qīngshàonián
1216,基本,基本,jīběn
1217,一般,一般,yībān
1218,看看,看看,kànkàn
1219,合理,合理,hélǐ
1220,採,采,cǎi
1221,跟,跟,gēn
1222,生物,生物,shēngwù
1223,中華民國,中华民国,zhōnghuámínguó
1224,直到,直到,zhídào
1225,叫,叫,jiào
1226,氣,气,qì
1227,給予,给予,gěiyǔ
1228,中文,中文,zhōngwén
1229,法國,法国,fàguó
1230,答案,答案,dáàn
1231,規定,规定,guīdìng
1232,可能,可能,kěnéng
1233,準備,准备,zhǔnbèi
1234,金融,金融,jīnróng
1235,週,週,zhōu
1236,下,下,xià
1237,農民,农民,nóngmín
1238,法令,法令,fǎlìng
1239,訊息,讯息,xùnxí
1240,公里,公里,gōnglǐ
1241,剛剛,刚刚,gānggāng
1242,紅,红,hóng
1243,較,较,jiào
1244,聲,声,shēng
1245,倍,倍,bèi
1246,加,加,jiā
1247,民主,民主,mínzhǔ
1248,臺北,台北,táiběi
1249,無論,无论,wúlùn
1250,辦公室,办公室,bàngōngshì
1251,一方面,一方面,yīfāngmiàn
1252,良好,良好,liánghǎo
1253,級,级,jí
1254,遊戲,遊戏,yóuxì
1255,道,道,dào
1256,酒,酒,jiǔ
1257,形象,形象,xíngxiàng
1258,跑,跑,pǎo
1259,選擇,选择,xuǎnzé
1260,導致,导致,dǎozhì
1261,提到,提到,tídào
1262,氣氛,气氛,qìfēn
1263,動,动,dòng
1264,院士,院士,yuànshì
1265,指,指,zhǐ
1266,充分,充分,chōngfèn
1267,現代,现代,xiàndài
1268,必要,必要,bìyào
1269,生態,生态,shēngtài
1270,汽車,汽车,qìchē
1271,例子,例子,lìzi
1272,有點,有点,yǒudiǎn
1273,博物館,博物馆,bówùguǎn
1274,權力,权力,quánlì
1275,族群,族群,zúqún
1276,媽,妈,mā
1277,牆,墙,qiáng
1278,船,船,chuán
1279,基金會,基金会,jījīnhuì
1280,詩,诗,shī
1281,雜誌,杂志,zázhì
1282,生存,生存,shēngcún
1283,且,且,qiě
1284,天,天,tiān
1285,小孩子,小孩子,xiǎoháizi
1286,生存,生存,shēngcún
1287,大樓,大楼,dàlóu
1288,最好,最好,zuìhǎo
1289,讀書,读书,dúshū
1290,見到,见到,jiàndào
1291,最佳,最佳,zuìjiā
1292,出去,出去,chūqù
1293,想法,想法,xiǎngfǎ
1294,幫,帮,bāng
1295,醫生,医生,yīshēng
1296,堅持,坚持,jiānchí
1297,創作,创作,chuàngzuò
1298,廣場,广场,guǎngchǎng
1299,成員,成员,chéngyuán
1300,留下,留下,liúxià
1301,森林,森林,sēnlín
1302,算,算,suàn
1303,顆,颗,kē
1304,各,各,gè
1305,男女,男女,nánnǔ
1306,特性,特性,tèxìng
1307,影像,影像,yǐngxiàng
1308,遭,遭,zāo
1309,強烈,强烈,qiángliè
1310,欸,欸,èi
1311,解釋,解释,jiěshì
1312,儘管,尽管,jǐnguǎn
1313,主動,主动,zhǔdòng
1314,喔,喔,wō
1315,演出,演出,yǎnchū
1316,文章,文章,wénzhāng
1317,理想,理想,lǐxiǎng
1318,重大,重大,zhòngdà
1319,腳,脚,jiǎo
1320,演出,演出,yǎnchū
1321,危險,危险,wéixiǎn
1322,背景,背景,bèijǐng
1323,不少,不少,bùshǎo
1324,唱,唱,chàng
1325,即將,即将,jíjiāng
1326,大部分,大部分,dàbùfèn
1327,通訊,通讯,tōngxùn
1328,越來越,越来越,yuèláiyuè
1329,考試,考试,kǎoshì
1330,學期,学期,xuéqī
1331,反,反,fǎn
1332,心靈,心灵,xīnlíng
1333,獲,获,huò
1334,既然,既然,jìrán
1335,設,设,shè
1336,顧客,顾客,gùkè
1337,家人,家人,jiārén
1338,組,组,zǔ
1339,紛紛,纷纷,fēnfēn
1340,提升,提升,tíshēng
1341,搞,搞,gǎo
1342,提升,提升,tíshēng
1343,隨時,随时,suíshí
1344,譬如,譬如,pìrú
1345,子女,子女,zǐnǔ
1346,確定,确定,quèdìng
1347,公平,公平,gōngpíng
1348,視為,视为,shìwéi
1349,技巧,技巧,jìqiǎo
1350,接著,接着,jiēzhe
1351,畫,画,huà
1352,領導,领导,lǐngdǎo
1353,小心,小心,xiǎoxīn
1354,主辦,主办,zhǔbàn
1355,探討,探讨,tàntǎo
1356,赴,赴,fù
1357,回,回,huí
1358,探討,探讨,tàntǎo
1359,回去,回去,huíqù
1360,弟弟,弟弟,dìdì
1361,風,风,fēng
1362,小學,小学,xiǎoxué
1363,興建,兴建,xīngjiàn
1364,狀態,状态,zhuàngtài
1365,支援,支援,zhīyuán
1366,還是,还是,háishì
1367,治療,治疗,zhìliáo
1368,衣服,衣服,yīfú
1369,名字,名字,míngzi
1370,參考,参考,cānkǎo
1371,女孩,女孩,nǔhái
1372,男性,男性,nánxìng
1373,教室,教室,jiàoshì
1374,太陽,太阳,tàiyáng
1375,在,在,zài
1376,口,口,kǒu
1377,陳,陈,chén
1378,稱為,称为,chēngwéi
1379,國民,国民,guómín
1380,研討會,研讨会,yántǎohuì
1381,飛機,飞机,fēijī
1382,建築師,建筑师,jiànzhúshī
1383,王,王,wáng
1384,究竟,究竟,jiùjìng
1385,花,花,huā
1386,確實,确实,quèshí
1387,公路,公路,gōnglù
1388,至今,至今,zhìjīn
1389,天下,天下,tiānxià
1390,考量,考量,kǎoliáng
1391,日,日,rì
1392,管,管,guǎn
1393,少數,少数,shǎoshù
1394,判斷,判断,pànduàn
1395,快,快,kuài
1396,扮演,扮演,bànyǎn
1397,判斷,判断,pànduàn
1398,扮演,扮演,bànyǎn
1399,相對,相对,xiāngduì
1400,校方,校方,xiàofāng
1401,早已,早已,zǎoyǐ
1402,讀者,读者,dúzhě
1403,大會,大会,dàhuì
1404,工人,工人,gōngrén
1405,數量,数量,shùliàng
1406,材料,材料,cáiliào
1407,建議,建议,jiànyì
1408,特徵,特征,tèzhēng
1409,殺,杀,shā
1410,算是,算是,suànshì
1411,革命,革命,gémìng
1412,國人,国人,guórén
1413,魚,鱼,yū
1414,操作,操作,cāozuò
1415,統計,统计,tǒngjì
1416,操作,操作,cāozuò
1417,德國,德国,déguó
1418,顯然,显然,xiǎnrán
1419,信心,信心,xìnxīn
1420,放棄,放弃,fàngqì
1421,懂,懂,dǒng
1422,治療,治疗,zhìliáo
1423,生活,生活,shēnghuó
1424,分析,分析,fēnxī
1425,忙,忙,máng
1426,建,建,jiàn
1427,一生,一生,yīshēng
1428,黑,黑,hēi
1429,小說,小说,xiǎoshuō
1430,主席,主席,zhǔxí
1431,政大,政大,zhèngdà
1432,集團,集团,jítuán
1433,報名,报名,bàomíng
1434,理想,理想,lǐxiǎng
1435,著名,着名,zhùmíng
1436,道德,道德,dàodé
1437,哪裡,哪里,nǎlǐ
1438,消失,消失,xiāoshī
1439,經由,经由,jīngyóu
1440,前面,前面,qiánmiàn
1441,遇到,遇到,yūdào
1442,提,提,tí
1443,叫,叫,jiào
1444,心態,心态,xīntài
1445,集中,集中,jízhōng
1446,建築物,建筑物,jiànzhúwù
1447,畫面,画面,huàmiàn
1448,叫,叫,jiào
1449,定,定,dìng
1450,甚,甚,shèn
1451,可惜,可惜,kěxí
1452,把,把,bǎ
1453,醫學,医学,yīxué
1454,輸入,输入,shūrù
1455,百,百,bǎi
1456,輸入,输入,shūrù
1457,型態,型态,xíngtài
1458,道理,道理,dàolǐ
1459,愈來愈,愈来愈,yūláiyū
1460,色彩,色彩,sècǎi
1461,歌,歌,gē
1462,現實,现实,xiànshí
1463,婚姻,婚姻,hūnyīn
1464,地球,地球,dìqiú
1465,指導,指导,zhǐdǎo
1466,架構,架构,jiàgòu
1467,進口,进口,jìnkǒu
1468,論文,论文,lùnwén
1469,出國,出国,chūguó
1470,商品,商品,shāngpǐn
1471,市長,市长,shìzhǎng
1472,分為,分为,fēnwéi
1473,夢,梦,mèng
1474,以前,以前,yǐqián
1475,恐怕,恐怕,kǒngpà
1476,死亡,死亡,sǐwáng
1477,哥哥,哥哥,gēgē
1478,檔案,档案,dǎngàn
1479,死亡,死亡,sǐwáng
1480,滿意,满意,mǎnyì
1481,滿,满,mǎn
1482,可愛,可爱,kěài
1483,上海,上海,shànghǎi
1484,可愛,可爱,kěài
1485,休閒,休闲,xiūxián
1486,有趣,有趣,yǒuqù
1487,職業,职业,zhíyè
1488,說法,说法,shuōfǎ
1489,英文,英文,yīngwén
1490,緊張,紧张,jǐnzhāng
1491,預計,预计,yūjì
1492,兄弟,兄弟,xiōngdì
1493,體系,体系,tǐxì
1494,間,间,jiān
1495,專案,专案,zhuānàn
1496,孔子,孔子,kǒngzǐ
1497,報導,报导,bàodǎo
1498,一半,一半,yíbàn
1499,疾病,疾病,jíbìng
1500,其它,其它,qítā
1501,外國,外国,wàiguó
1502,牠們,牠们,tāmen
1503,報紙,报纸,bàozhǐ
1504,狗,狗,gǒu
1505,協調,协调,xiétiáo
1506,念,念,niàn
1507,哲學,哲学,zhéxué
1508,碰到,碰到,pèngdào
1509,提昇,提升,tíshēng
1510,關於,关于,guānyū
1511,同仁,同仁,tóngrén
1512,深入,深入,shēnrù
1513,漫畫,漫画,mànhuà
1514,資金,资金,zījīn
1515,比較,比较,bǐjiǎo
1516,作業,作业,zuòyè
1517,比較,比较,bǐjiǎo
1518,想像,想像,xiǎngxiàng
1519,短,短,duǎn
1520,即可,即可,jíkě
1521,西,西,xī
1522,相,相,xiāng
1523,位置,位置,wèizhì
1524,錯,错,cuò
1525,穩定,稳定,wěndìng
1526,尋找,寻找,xúnzhǎo
1527,鳥,鸟,niǎo
1528,系,系,xì
1529,如此,如此,rúcǐ
1530,系,系,xì
1531,穩定,稳定,wěndìng
1532,長大,长大,zhǎngdà
1533,促進,促进,cùjìn
1534,人文,人文,rénwén
1535,衝突,冲突,chōngtú
1536,廚房,厨房,chúfáng
1537,海外,海外,hǎiwài
1538,表演,表演,biǎoyǎn
1539,再度,再度,zàidù
1540,畫,画,huà
1541,電信,电信,diànxìn
1542,反映,反映,fǎnyìng
1543,北,北,běi
1544,反映,反映,fǎnyìng
1545,筆,笔,bǐ
1546,近,近,jìn
1547,障礙,障碍,zhàngài
1548,焦點,焦点,jiāodiǎn
1549,忽然,忽然,hūrán
1550,到處,到处,dàochù
1551,植物,植物,zhíwù
1552,顯得,显得,xiǎnde
1553,不一定,不一定,bùyīdìng
1554,攝影,摄影,shèyǐng
1555,隨,随,suí
1556,概念,概念,gàiniàn
1557,面積,面积,miànjī
1558,為何,为何,wèihé
1559,高達,高达,gāodá
1560,關鍵,关键,guānjiàn
1561,作法,作法,zuòfǎ
1562,來到,来到,láidào
1563,如何,如何,rúhé
1564,來到,来到,láidào
1565,胡適,胡适,húshì
1566,倒,倒,dào
1567,人人,人人,rénrén
1568,仔細,仔细,zǐxì
1569,原,原,yuán
1570,成就,成就,chéngjiù
1571,視,视,shì
1572,行銷,行销,xíngxiāo
1573,好幾,好几,hǎojǐ
1574,辛苦,辛苦,xīnkǔ
1575,年輕人,年轻人,niánqīngrén
1576,信,信,xìn
1577,漸漸,渐渐,jiànjiàn
1578,真,真,zhēn
1579,教材,教材,jiàocái
1580,所,所,suǒ
1581,自然,自然,zìrán
1582,動詞,动词,dòngcí
1583,整理,整理,zhěnglǐ
1584,男生,男生,nánshēng
1585,遊客,遊客,yóukè
1586,等,等,děng
1587,女生,女生,nǔshēng
1588,對,对,duì
1589,懷疑,怀疑,huáiyí
1590,痛苦,痛苦,tòngkǔ
1591,懷疑,怀疑,huáiyí
1592,痛苦,痛苦,tòngkǔ
1593,交換,交换,jiāohuàn
1594,互動,互动,hùdòng
1595,設置,设置,shèzhì
1596,張,张,zhāng
1597,設置,设置,shèzhì
1598,留,留,liú
1599,居住,居住,jūzhù
1600,因應,因应,yīnyìng
1601,丈夫,丈夫,zhàngfū
1602,紀錄,纪录,jìlù
1603,答,答,dá
1604,愛,爱,ài
1605,畫家,画家,huàjiā
1606,數字,数字,shùzì
1607,一向,一向,yīxiàng
1608,連線,连线,liánxiàn
1609,以免,以免,yǐmiǎn
1610,固定,固定,gùdìng
1611,通信,通信,tōngxìn
1612,連線,连线,liánxiàn
1613,通信,通信,tōngxìn
1614,恢復,恢复,huīfù
1615,修正,修正,xiūzhèng
1616,景觀,景观,jǐngguān
1617,線,线,xiàn
1618,縣市,县市,xiànshì
1619,他人,他人,tārén
1620,恢復,恢复,huīfù
1621,基於,基于,jīyū
1622,只是,只是,zhǐshì
1623,實現,实现,shíxiàn
1624,演講,演讲,yǎnjiǎng
1625,男子,男子,nánzǐ
1626,實現,实现,shíxiàn
1627,具備,具备,jùbèi
1628,奇怪,奇怪,qíguài
1629,空氣,空气,kōngqì
1630,會員,会员,huìyuán
1631,取,取,qǔ
1632,深刻,深刻,shēnkè
1633,漂亮,漂亮,piàoliàng
1634,菜,菜,cài
1635,希望,希望,xīwàng
1636,相互,相互,xiānghù
1637,多數,多数,duōshù
1638,總經理,总经理,zǒngjīnglǐ
1639,很多,很多,hěnduō
1640,收,收,shōu
1641,權利,权利,quánlì
1642,照片,照片,zhàopiàn
1643,病,病,bìng
1644,物質,物质,wùzhí
1645,宿舍,宿舍,sùshè
1646,即,即,jí
1647,教練,教练,jiàoliàn
1648,宇宙,宇宙,yǔzhòu
1649,更加,更加,gèngjiā
1650,住宅,住宅,zhùzhái
1651,明白,明白,míngbái
1652,竟然,竟然,jìngrán
1653,光,光,guāng
1654,迅速,迅速,xùnsù
1655,睡,睡,shuì
1656,大多數,大多数,dàduōshù
1657,不良,不良,bùliáng
1658,自動,自动,zìdòng
1659,哦,哦,ó
1660,突破,突破,túpò
1661,後面,后面,hòumiàn
1662,污染,污染,wūrǎn
1663,陸續,陆续,lùxù
1664,飛,飞,fēi
1665,內心,内心,nèixīn
1666,女子,女子,nǔzǐ
1667,玻璃,玻璃,bōlí
1668,神,神,shén
1669,中,中,zhōng
1670,市民,市民,shìmín
1671,承認,承认,chéngrèn
1672,不滿,不满,bùmǎn
1673,年齡,年龄,niánlíng
1674,近,近,jìn
1675,記憶,记忆,jìyì
1676,打算,打算,dǎsuàn
1677,應用,应用,yìngyòng
1678,老闆,老板,lǎobǎn
1679,成熟,成熟,chéngshú
1680,進,进,jìn
1681,證明,证明,zhèngmíng
1682,國立,国立,guólì
1683,施工,施工,shīgōng
1684,口,口,kǒu
1685,名,名,míng
1686,叫做,叫做,jiàozuò
1687,入,入,rù
1688,包含,包含,bāohán
1689,場所,场所,chángsuǒ
1690,後,后,hòu
1691,行,行,xíng
1692,休息,休息,xiūxí
1693,從來,从来,cónglái
1694,東,东,dōng
1695,要是,要是,yàoshì
1696,適應,适应,shìyìng
1697,工會,工会,gōnghuì
1698,原,原,yuán
1699,聽說,听说,tīngshuō
1700,高級,高级,gāojí
1701,距離,距离,jùlí
1702,不易,不易,búyì
1703,有沒有,有没有,yǒuméiyǒu
1704,不易,不易,búyì
1705,人性,人性,rénxìng
1706,走到,走到,zǒudào
1707,拍,拍,pāi
1708,馬,马,mǎ
1709,規則,规则,guīzé
1710,以外,以外,yǐwài
1711,關懷,关怀,guānhuái
1712,另一方面,另一方面,lìngyīfāngmiàn
1713,實力,实力,shílì
1714,靠,靠,kào
1715,假如,假如,jiǎrú
1716,研發,研发,yánfā
1717,攻擊,攻击,gōngjí
1718,幹部,干部,gànbù
1719,資格,资格,zīgé
1720,引進,引进,yǐnjìn
1721,做到,做到,zuòdào
1722,吃飯,吃饭,chīfàn
1723,保險,保险,bǎoxiǎn
1724,發行,发行,fāxíng
1725,壞,坏,huài
1726,證券,证券,zhèngquàn
1727,大幅,大幅,dàfú
1728,還有,还有,háiyǒu
1729,公斤,公斤,gōngjīn
1730,性質,性质,xìngzhí
1731,某些,某些,mǒuxiē
1732,幸福,幸福,xìngfú
1733,以上,以上,yǐshàng
1734,明確,明确,míngquè
1735,聯盟,联盟,liánméng
1736,主持,主持,zhǔchí
1737,一再,一再,yīzài
1738,保育,保育,bǎoyū
1739,師生,师生,shīshēng
1740,立委,立委,lìwěi
1741,改,改,gǎi
1742,年,年,nián
1743,保育,保育,bǎoyū
1744,多半,多半,duōbàn
1745,管道,管道,guǎndào
1746,絕不,绝不,juébù
1747,報,报,bào
1748,認同,认同,rèntóng
1749,一致,一致,yīzhì
1750,最多,最多,zuìduō
1751,股票,股票,gǔpiào
1752,作者,作者,zuòzhě
1753,島,岛,dǎo
1754,細胞,细胞,xìbāo
1755,病毒,病毒,bìngdú
1756,衛生,卫生,wèishēng
1757,易,易,yì
1758,抗議,抗议,kàngyì
1759,免費,免费,miǎnfèi
1760,抗議,抗议,kàngyì
1761,教育局,教育局,jiàoyūjú
1762,哪,哪,na
1763,農業,农业,nóngyè
1764,管制,管制,guǎnzhì
1765,一定,一定,yīdìng
1766,自動化,自动化,zìdònghuà
1767,展示,展示,zhǎnshì
1768,情感,情感,qínggǎn
1769,熱,热,rè
1770,一邊,一边,yībiān
1771,自動化,自动化,zìdònghuà
1772,忘,忘,wàng
1773,拒絕,拒绝,jùjué
1774,只有,只有,zhǐyǒu
1775,妻子,妻子,qīzǐ
1776,行業,行业,hángyè
1777,經理,经理,jīnglǐ
1778,那樣,那样,nàyàng
1779,和平,和平,hépíng
1780,哭,哭,kū
1781,城,城,chéng
1782,根,根,gēn
1783,主人,主人,zhǔrén
1784,廠,厂,chǎng
1785,大人,大人,dàrén
1786,機器,机器,jīqì
1787,不得,不得,bùdé
1788,橋,桥,qiáo
1789,以下,以下,yǐxià
1790,幅,幅,fú
1791,公分,公分,gōngfēn
1792,失敗,失败,shībài
1793,真實,真实,zhēnshí
1794,主張,主张,zhǔzhāng
1795,外面,外面,wàimiàn
1796,首,首,shǒu
1797,直,直,zhí
1798,真實,真实,zhēnshí
1799,車子,车子,chēzi
1800,星期,星期,xīngqí
1801,表面,表面,biǎomiàn
1802,紐約,纽约,niǒuyuē
1803,做法,做法,zuòfǎ
1804,創意,创意,chuàngyì
1805,台中,台中,táizhōng
1806,乃,乃,nǎi
1807,構成,构成,gòuchéng
1808,網際,网际,wǎngjì
1809,怎麼辦,怎么办,zěnmebàn
1810,事務,事务,shìwù
1811,眼前,眼前,yǎnqián
1812,構成,构成,gòuchéng
1813,警察,警察,jǐngchá
1814,個性,个性,gèxìng
1815,研究院,研究院,yánjiùyuàn
1816,意願,意愿,yìyuàn
1817,視訊,视讯,shìxùn
1818,體制,体制,tǐzhì
1819,經濟部,经济部,jīngjìbù
1820,感受,感受,gǎnshòu
1821,負責人,负责人,fùzérén
1822,陽光,阳光,yángguāng
1823,用來,用来,yònglái
1824,修,修,xiū
1825,機場,机场,jīchǎng
1826,中東,中东,zhōngdōng
1827,不用,不用,búyòng
1828,妹妹,妹妹,mèimèi
1829,顧問,顾问,gùwèn
1830,上市,上市,shàngshì
1831,退休,退休,tuìxiū
1832,肯,肯,kěn
1833,早,早,zǎo
1834,權益,权益,quányì
1835,店,店,diàn
1836,夠,够,gòu
1837,決定,决定,juédìng
1838,審查,审查,shěnchá
1839,輕,轻,qīng
1840,處,处,chù
1841,望,望,wàng
1842,年紀,年纪,niánjì
1843,交易,交易,jiāoyì
1844,房間,房间,fángjiān
1845,性格,性格,xìnggé
1846,畢竟,毕竟,bìjìng
1847,詞典,词典,cídiǎn
1848,平衡,平衡,pínghéng
1849,哦,哦,ó
1850,苦,苦,kǔ
1851,拉,拉,lā
1852,大小,大小,dàxiǎo
1853,佳,佳,jiā
1854,保留,保留,bǎoliú
1855,玩具,玩具,wánjù
1856,密切,密切,mìqiè
1857,不過,不过,búguò
1858,打開,打开,dǎkāi
1859,南,南,nán
1860,亂,乱,luàn
1861,予以,予以,yūyǐ
1862,供應,供应,gōngyìng
1863,文明,文明,wénmíng
1864,按,按,àn
1865,相處,相处,xiāngchǔ
1866,供應,供应,gōngyìng
1867,相處,相处,xiāngchǔ
1868,消費,消费,xiāofèi
1869,激烈,激烈,jīliè
1870,付出,付出,fùchū
1871,競爭,竞争,jìngzhēng
1872,基金,基金,jījīn
1873,好處,好处,hǎochù
1874,作家,作家,zuòjiā
1875,若是,若是,ruòshì
1876,金錢,金钱,jīnqián
1877,落實,落实,luòshí
1878,現有,现有,xiànyǒu
1879,等於,等于,děngyū
1880,懂得,懂得,dǒngde
1881,改進,改进,gǎijìn
1882,分配,分配,fēnpèi
1883,購物,购物,gòuwù
1884,世紀,世纪,shìjì
1885,共識,共识,gòngshì
1886,分配,分配,fēnpèi
1887,航空,航空,hángkōng
1888,累積,累积,lěijī
1889,法規,法规,fǎguī
1890,程序,程序,chéngxù
1891,購物,购物,gòuwù
1892,貢獻,贡献,gòngxiàn
1893,特質,特质,tèzhí
1894,任務,任务,rènwù
1895,民意,民意,mínyì
1896,輕鬆,轻松,qīngsōng
1897,軍事,军事,jūnshì
1898,野生,野生,yěshēng
1899,道,道,dào
1900,形容,形容,xíngróng
1901,展現,展现,zhǎnxiàn
1902,挑戰,挑战,tiǎozhàn
1903,河,河,hé
1904,起,起,qǐ
1905,滿,满,mǎn
1906,輛,辆,liàng
1907,球,球,qiú
1908,同,同,tóng
1909,其次,其次,qícì
1910,統治,统治,tǒngzhì
1911,跳,跳,tiào
1912,嚴格,严格,yángé
1913,想起,想起,xiǎngqǐ
1914,樓,楼,lóu
1915,投資人,投资人,tóuzīrén
1916,修改,修改,xiūgǎi
1917,幫忙,帮忙,bāngmáng
1918,類型,类型,lèixíng
1919,波,波,bō
1920,毛,毛,máo
1921,飯店,饭店,fàndiàn
1922,超越,超越,chāoyuè
1923,雨,雨,yǔ
1924,必要,必要,bìyào
1925,旁邊,旁边,pángbiān
1926,依然,依然,yīrán
1927,看出,看出,kànchū
1928,旅行,旅行,lǔxíng
1929,熟悉,熟悉,shóuxī
1930,不同,不同,bùtóng
1931,抓,抓,zhuā
1932,餐廳,餐厅,cāntīng
1933,不妨,不妨,bùfáng
1934,平等,平等,píngděng
1935,困難,困难,kùnnán
1936,顏色,颜色,yánsè
1937,談到,谈到,tándào
1938,彈性,弹性,tánxìng
1939,從此,从此,cóngcǐ
1940,哈,哈,hā
1941,待,待,dài
1942,硬體,硬体,yìngtǐ
1943,種子,种子,zhǒngzi
1944,份子,份子,fènzǐ
1945,命運,命运,mìngyùn
1946,看起來,看起来,kànqǐlái
1947,規範,规范,guīfàn
1948,演奏,演奏,yǎnzòu
1949,癌症,癌症,yánzhèng
1950,藝術家,艺术家,yìshùjiā
1951,過,过,guò
1952,得以,得以,déyǐ
1953,日本人,日本人,rìběnrén
1954,街,街,jiē
1955,極為,极为,jíwéi
1956,先進,先进,xiānjìn
1957,難道,难道,nándào
1958,出發,出发,chūfā
1959,市府,市府,shìfǔ
1960,諮詢,谘询,zīxún
1961,嘴,嘴,zuǐ
1962,諮詢,谘询,zīxún
1963,陪,陪,péi
1964,停,停,tíng
1965,連接,连接,liánjiē
1966,外交,外交,wàijiāo
1967,營業,营业,yíngyè
1968,期待,期待,qídài
1969,罵,骂,mà
1970,期待,期待,qídài
1971,授權,授权,shòuquán
1972,面前,面前,miànqián
1973,始終,始终,shǐzhōng
1974,理解,理解,lǐjiě
1975,正好,正好,zhènghǎo
1976,多麼,多么,duóme
1977,澳洲,澳洲,àozhōu
1978,理解,理解,lǐjiě
1979,特定,特定,tèdìng
1980,縣長,县长,xiànzhǎng
1981,認真,认真,rènzhēn
1982,樂團,乐团,yuètuán
1983,認真,认真,rènzhēn
1984,主力,主力,zhǔlì
1985,福利,福利,fúlì
1986,不得不,不得不,bùdébù
1987,生意,生意,shēngyì
1988,情,情,qíng
1989,從小,从小,cóngxiǎo
1990,展出,展出,zhǎnchū
1991,看看,看看,kànkàn
1992,取代,取代,qǔdài
1993,全面,全面,quánmiàn
1994,名稱,名称,míngchēng
1995,隊,队,duì
1996,派,派,pài
1997,華人,华人,huárén
1998,藉由,藉由,jièyóu
1999,生氣,生气,shēngqì
2000,縣府,县府,xiànfǔ
2001,衝擊,冲击,chōngjí
2002,資產,资产,zīchǎn
2003,試,试,shì
2004,發出,发出,fāchū
2005,毫無,毫无,háowú
2006,停止,停止,tíngzhǐ
2007,基地,基地,jīdì
2008,感動,感动,gǎndòng
2009,矛盾,矛盾,máodùn
2010,藥物,药物,yàowù
2011,不幸,不幸,búxìng
2012,矛盾,矛盾,máodùn
2013,改造,改造,gǎizào
2014,感覺,感觉,gǎnjué
2015,董事長,董事长,dǒngshìzhǎng
2016,競爭力,竞争力,jìngzhēnglì
2017,中間,中间,zhōngjiān
2018,毛澤東,毛泽东,máozédōng
2019,痛,痛,tòng
2020,採購,采购,cǎigòu
2021,堆,堆,duī
2022,蛇,蛇,shé
2023,有意,有意,yǒuyì
2024,估計,估计,gūjì
2025,層次,层次,céngcì
2026,主導,主导,zhǔdǎo
2027,足夠,足够,zúgòu
2028,林,林,lín
2029,飯,饭,fàn
2030,號,号,hào
2031,親自,亲自,qīnzì
2032,主導,主导,zhǔdǎo
2033,等到,等到,děngdào
2034,便宜,便宜,piányí
2035,更為,更为,gèngwéi
2036,天空,天空,tiānkōng
2037,反彈,反弹,fǎntán
2038,似,似,sì
2039,些,些,xiē
2040,爸,爸,bà
2041,訓練,训练,xùnliàn
2042,尋求,寻求,xúnqiú
2043,反彈,反弹,fǎntán
2044,手法,手法,shǒufǎ
2045,私人,私人,sīrén
2046,光碟,光碟,guāngdié
2047,立法院,立法院,lìfǎyuàn
2048,組合,组合,zǔhé
2049,稍,稍,shāo
2050,層面,层面,céngmiàn
2051,中研院,中研院,zhōngyányuàn
2052,困擾,困扰,kùnrǎo
2053,熱鬧,热闹,rènào
2054,日後,日后,rìhòu
2055,實,实,shí
2056,熱鬧,热闹,rènào
2057,喜愛,喜爱,xǐài
2058,時,时,shí
2059,美好,美好,měihǎo
2060,機車,机车,jīchē
2061,韓國,韩国,hánguó
2062,收入,收入,shōurù
2063,議員,议员,yìyuán
2064,衛星,卫星,wèixīng
2065,勝,胜,shèng
2066,註,注,zhù
2067,徹底,彻底,chèdǐ
2068,預定,预定,yūdìng
2069,房屋,房屋,fángwū
2070,提醒,提醒,tíxǐng
2071,蓋,盖,gài
2072,營運,营运,yíngyùn
2073,提醒,提醒,tíxǐng
2074,所在,所在,suǒzài
2075,詳細,详细,xiángxì
2076,蓋,盖,gài
2077,結論,结论,jiélùn
2078,反正,反正,fǎnzhèng
2079,牛,牛,niú
2080,右,右,yòu
2081,廣泛,广泛,guǎngfàn
2082,愉快,愉快,yūkuài
2083,陣,阵,zhèn
2084,愉快,愉快,yūkuài
2085,優勢,优势,yōushì
2086,流程,流程,liúchéng
2087,搭,搭,dā
2088,階級,阶级,jiējí
2089,境界,境界,jìngjiè
2090,大部份,大部份,dàbùfèn
2091,限制,限制,xiànzhì
2092,連續,连续,liánxù
2093,客人,客人,kèrén
2094,秩序,秩序,zhìxù
2095,力,力,lì
2096,這兒,这儿,zhèēr
2097,養,养,yǎng
2098,保守,保守,bǎoshǒu
2099,過去,过去,guòqù
2100,市立,市立,shìlì
2101,引發,引发,yǐnfā
2102,東方,东方,dōngfāng
2103,大盤,大盘,dàpán
2104,奧會,奥会,àohuì
2105,財務,财务,cáiwù
2106,經歷,经历,jīnglì
2107,面,面,miàn
2108,錯誤,错误,cuòwù
2109,爺爺,爷爷,yéyé
2110,國會,国会,guóhuì
2111,差距,差距,chājù
2112,傷害,伤害,shānghài
2113,委託,委讬,wěituō
2114,之所以,之所以,zhīsuǒyǐ
2115,台,台,tái
2116,趕快,赶快,gǎnkuài
2117,移民,移民,yímín
2118,商店,商店,shāngdiàn
2119,委託,委讬,wěituō
2120,投票,投票,tóupiào
2121,同事,同事,tóngshì
2122,進而,进而,jìnér
2123,將軍,将军,jiāngjūn
2124,球員,球员,qiúyuán
2125,原來,原来,yuánlái
2126,冷,冷,lěng
2127,感染,感染,gǎnrǎn
2128,導演,导演,dǎoyǎn
2129,人間,人间,rénjiān
2130,古,古,gǔ
2131,感染,感染,gǎnrǎn
2132,財產,财产,cáichǎn
2133,分享,分享,fēnxiǎng
2134,遺址,遗址,yízhǐ
2135,發覺,发觉,fājué
2136,造型,造型,zàoxíng
2137,一面,一面,yīmiàn
2138,分享,分享,fēnxiǎng
2139,不只,不只,bùzhǐ
2140,不禁,不禁,bùjīn
2141,打破,打破,dǎpò
2142,忽略,忽略,hūluè
2143,原有,原有,yuányǒu
2144,草案,草案,cǎoàn
2145,害怕,害怕,hàipà
2146,身為,身为,shēnwéi
2147,性能,性能,xìngnéng
2148,活潑,活泼,huópō
2149,記錄,记录,jìlù
2150,清華,清华,qīnghuá
2151,綜合,综合,zònghé
2152,講話,讲话,jiǎnghuà
2153,儘量,尽量,jǐnliàng
2154,違反,违反,wéifǎn
2155,偉大,伟大,wěidà
2156,金額,金额,jīné
2157,功課,功课,gōngkè
2158,偉大,伟大,wěidà
2159,場地,场地,chǎngdì
2160,龐大,庞大,pángdà
2161,市區,市区,shìqū
2162,巴黎,巴黎,bālí
2163,反省,反省,fǎnxǐng
2164,主角,主角,zhǔjiǎo
2165,理事長,理事长,lǐshìzhǎng
2166,背後,背后,bèihòu
2167,龐大,庞大,pángdà
2168,反省,反省,fǎnxǐng
2169,犧牲,牺牲,xīshēng
2170,天,天,tiān
2171,蠻,蛮,mán
2172,以便,以便,yǐbiàn
2173,犧牲,牺牲,xīshēng
2174,預防,预防,yūfáng
2175,爭,争,zhēng
2176,種類,种类,zhǒnglèi
2177,預防,预防,yūfáng
2178,就業,就业,jiùyè
2179,本土,本土,běntǔ
2180,天氣,天气,tiānqì
2181,夫妻,夫妻,fūqī
2182,左,左,zuǒ
2183,優點,优点,yōudiǎn
2184,嗯哼,嗯哼,ēnhēng
2185,就業,就业,jiùyè
2186,事物,事物,shìwù
2187,困境,困境,kùnjìng
2188,呼籲,呼籲,hūyū
2189,據說,据说,jùshuō
2190,人事,人事,rénshì
2191,大學生,大学生,dàxuéshēng
2192,洗,洗,xǐ
2193,農村,农村,nóngcūn
2194,數學,数学,shùxué
2195,女士,女士,nǔshì
2196,風氣,风气,fēngqì
2197,必然,必然,bìrán
2198,難得,难得,nándé
2199,樂器,乐器,yuèqì
2200,果然,果然,guǒrán
2201,安非他命,安非他命,ānfēitāmìng
2202,床,床,chuáng
2203,局,局,jú
2204,指,指,zhǐ
2205,戲,戏,xì
2206,除非,除非,chúfēi
2207,訂,订,dìng
2208,研究員,研究员,yánjiùyuán
2209,唉,唉,āi
2210,著手,着手,zhuóshǒu
2211,熱烈,热烈,rèliè
2212,按,按,àn
2213,能源,能源,néngyuán
2214,其餘,其余,qíyū
2215,找出,找出,zhǎochū
2216,影片,影片,yǐngpiàn
2217,白色,白色,báisè
2218,可以,可以,kěyǐ
2219,等待,等待,děngdài
2220,創作,创作,chuàngzuò
2221,等待,等待,děngdài
2222,年度,年度,niándù
2223,慢,慢,màn
2224,缺點,缺点,quēdiǎn
2225,接近,接近,jiējìn
2226,數據,数据,shùjù
2227,缺,缺,quē
2228,中,中,zhōng
2229,條例,条例,tiáolì
2230,藥,药,yào
2231,報告,报告,bàogào
2232,身邊,身边,shēnbiān
2233,改為,改为,gǎiwéi
2234,指標,指标,zhǐbiāo
2235,沿,沿,yán
2236,設定,设定,shèdìng
2237,眼光,眼光,yǎnguāng
2238,設定,设定,shèdìng
2239,聰明,聪明,cōngmíng
2240,下列,下列,xiàliè
2241,打電話,打电话,dǎdiànhuà
2242,舉,举,jǔ
2243,醫學院,医学院,yīxuéyuàn
2244,參考,参考,cānkǎo
2245,大自然,大自然,dàzìrán
2246,騎,骑,qí
2247,人際,人际,rénjì
2248,漢人,汉人,hànrén
2249,剩下,剩下,shèngxià
2250,傳播,传播,chuánbò
2251,自從,自从,zìcóng
2252,傳播,传播,chuánbò
2253,冠軍,冠军,guànjūn
2254,學會,学会,xuéhuì
2255,海洋,海洋,hǎiyáng
2256,彷彿,彷彿,fǎngfú
2257,東京,东京,dōngjīng
2258,負擔,负担,fùdān
2259,知名,知名,zhīmíng
2260,那兒,那儿,nǎēr
2261,爭議,争议,zhēngyì
2262,實質,实质,shízhí
2263,查詢,查询,cháxún
2264,校務,校务,xiàowù
2265,部隊,部队,bùduì
2266,火車,火车,huǒchē
2267,幼稚園,幼稚园,yòuzhìyuán
2268,話題,话题,huàtí
2269,感謝,感谢,gǎnxiè
2270,獎金,奖金,jiǎngjīn
2271,大師,大师,dàshī
2272,聯絡,联络,liánluò
2273,原始,原始,yuánshǐ
2274,北市,北市,běishì
2275,課題,课题,kètí
2276,路線,路线,lùxiàn
2277,信仰,信仰,xìnyǎng
2278,英雄,英雄,yīngxióng
2279,契約,契约,qìyuē
2280,訂定,订定,dìngdìng
2281,批評,批评,pīpíng
2282,法院,法院,fǎyuàn
2283,訂定,订定,dìngdìng
2284,愛情,爱情,àiqíng
2285,依據,依据,yījù
2286,適用,适用,shìyòng
2287,學位,学位,xuéwèi
2288,水庫,水库,shuǐkù
2289,千,千,qiān
2290,民主,民主,mínzhǔ
2291,贊成,赞成,zànchéng
2292,好奇,好奇,hàoqí
2293,科威特,科威特,kēwēitè
2294,體會,体会,tǐhuì
2295,熊貓,熊猫,xióngmāo
2296,暫時,暂时,zhànshí
2297,萬,万,wàn
2298,較為,较为,jiàowéi
2299,單純,单纯,dānchún
2300,透露,透露,tòulù
2301,品牌,品牌,pǐnpái
2302,候選人,候选人,hòuxuǎnrén
2303,單純,单纯,dānchún
2304,看來,看来,kànlái
2305,內涵,内涵,nèihán
2306,登記,登记,dēngjì
2307,棵,棵,kē
2308,會長,会长,huìzhǎng
2309,核心,核心,héxīn
2310,家具,家具,jiājù
2311,座談會,座谈会,zuòtánhuì
2312,症狀,症状,zhèngzhuàng
2313,火,火,huǒ
2314,一帶,一带,yīdài
2315,患者,患者,huànzhě
2316,很少,很少,hěnshǎo
2317,有名,有名,yǒumíng
2318,依照,依照,yīzhào
2319,忘記,忘记,wàngjì
2320,小型,小型,xiǎoxíng
2321,占,占,zhàn
2322,手段,手段,shǒuduàn
2323,優秀,优秀,yōuxiù
2324,倒是,倒是,dàoshì
2325,明星,明星,míngxīng
2326,吸收,吸收,xīshōu
2327,人格,人格,réngé
2328,指數,指数,zhǐshù
2329,做好,做好,zuòhǎo
2330,動態,动态,dòngtài
2331,游泳,游泳,yóuyǒng
2332,不如,不如,bùrú
2333,出生,出生,chūshēng
2334,遂,遂,suì
2335,當作,当作,dāngzuò
2336,會,会,huì
2337,學問,学问,xuéwèn
2338,嘗試,尝试,chángshì
2339,全民,全民,quánmín
2340,部落,部落,bùluò
2341,賺,赚,zhuàn
2342,聯合國,联合国,liánhéguó
2343,擺,摆,bǎi
2344,賺錢,赚钱,zhuànqián
2345,與會,与会,yǔhuì
2346,鳥類,鸟类,niǎolèi
2347,答應,答应,dāyìng
2348,掛,挂,guà
2349,石頭,石头,shítou
2350,挫折,挫折,cuòzhé
2351,飛行,飞行,fēixíng
2352,行程,行程,xíngchéng
2353,理性,理性,lǐxìng
2354,夫人,夫人,fūrén
2355,累,累,lèi
2356,轉變,转变,zhuǎnbiàn
2357,本質,本质,běnzhí
2358,上班,上班,shàngbān
2359,興奮,兴奋,xīngfèn
2360,那邊,那边,nàbiān
2361,興奮,兴奋,xīngfèn
2362,帶動,带动,dàidòng
2363,急,急,jí
2364,帶動,带动,dàidòng
2365,捷運,捷运,jiéyùn
2366,諸,诸,zhū
2367,廣,广,guǎng
2368,慶祝,庆祝,qìngzhù
2369,司機,司机,sījī
2370,難過,难过,nánguò
2371,高雄市,高雄市,gāoxióngshì
2372,習慣,习惯,xíguàn
2373,出席,出席,chūxí
2374,外界,外界,wàijiè
2375,女孩子,女孩子,nǔháizi
2376,語法,语法,yǔfǎ
2377,頁,页,yè
2378,閱讀,阅读,yuèdú
2379,頭,头,tóu
2380,借,借,jiè
2381,拍攝,拍摄,pāishè
2382,家族,家族,jiāzú
2383,身心,身心,shēnxīn
2384,專門,专门,zhuānmén
2385,可憐,可怜,kělián
2386,舞蹈,舞蹈,wǔdào
2387,味道,味道,wèidào
2388,個案,个案,gèàn
2389,事先,事先,shìxiān
2390,大專,大专,dàzhuān
2391,下面,下面,xiàmiàn
2392,下,下,xià
2393,練習,练习,liànxí
2394,就算,就算,jiùsuàn
2395,南非,南非,nánfēi
2396,表情,表情,biǎoqíng
2397,耶,耶,yé
2398,藉著,藉着,jièzhe
2399,以致,以致,yǐzhì
2400,自殺,自杀,zìshā
2401,助理,助理,zhùlǐ
2402,自殺,自杀,zìshā
2403,洞,洞,dòng
2404,測試,测试,cèshì
2405,臺北市,台北市,táiběishì
2406,歐美,欧美,ōuměi
2407,獎勵,奖励,jiǎnglì
2408,杯,杯,bēi
2409,體驗,体验,tǐyàn
2410,浪費,浪费,làngfèi
2411,體驗,体验,tǐyàn
2412,個人電腦,个人电脑,geréndiànnǎo
2413,本人,本人,běnrén
2414,口,口,kǒu
2415,質疑,质疑,zhíyí
2416,血液,血液,xiěyè
2417,走向,走向,zǒuxiàng
2418,形態,形态,xíngtài
2419,步驟,步骤,bùzòu
2420,視覺,视觉,shìjué
2421,正面,正面,zhèngmiàn
2422,收費,收费,shōufèi
2423,促使,促使,cùshǐ
2424,補助,补助,bǔzhù
2425,階層,阶层,jiēcéng
2426,期望,期望,qíwàng
2427,實驗室,实验室,shíyànshì
2428,皮膚,皮肤,pífū
2429,病患,病患,bìnghuàn
2430,武器,武器,wǔqì
2431,日益,日益,rìyì
2432,大都,大都,dàdōu
2433,獎,奖,jiǎng
2434,檢討,检讨,jiǎntǎo
2435,螢幕,萤幕,yíngmù
2436,檢討,检讨,jiǎntǎo
2437,禁止,禁止,jìnzhǐ
2438,起來,起来,qǐlái
2439,輔大,辅大,fǔdà
2440,旅客,旅客,lǔkè
2441,繪畫,绘画,huìhuà
2442,用,用,yòng
2443,生,生,shēng
2444,腳步,脚步,jiǎobù
2445,設計師,设计师,shèjìshī
2446,救,救,jiù
2447,納入,纳入,nàrù
2448,南部,南部,nánbù
2449,害,害,hài
2450,計程車,计程车,jìchéngchē
2451,光,光,guāng
2452,貴,贵,guì
2453,現代化,现代化,xiàndàihuà
2454,破,破,pò
2455,吹,吹,chuī
2456,勇氣,勇气,yǒngqì
2457,現代化,现代化,xiàndàihuà
2458,氣候,气候,qìhòu
2459,化學,化学,huàxué
2460,巴西,巴西,bāxī
2461,人權,人权,rénquán
2462,這麼多,这么多,zhèmeduō
2463,生涯,生涯,shēngyá
2464,文件,文件,wénjiàn
2465,簡直,简直,jiǎnzhí
2466,導向,导向,dǎoxiàng
2467,儀式,仪式,yíshì
2468,用途,用途,yòngtú
2469,生長,生长,shēngzhǎng
2470,舞台,舞台,wǔtái
2471,逢,逢,féng
2472,生長,生长,shēngzhǎng
2473,義工,义工,yìgōng
2474,科學家,科学家,kēxuéjiā
2475,業主,业主,yèzhǔ
2476,軍隊,军队,jūnduì
2477,各自,各自,gèzì
2478,如果說,如果说,rúguǒshuō
2479,案件,案件,ànjiàn
2480,爆發,爆发,bàofā
2481,有如,有如,yǒurú
2482,各界,各界,gèjiè
2483,題目,题目,tímù
2484,街頭,街头,jiētóu
2485,寬,宽,kuān
2486,有如,有如,yǒurú
2487,爆發,爆发,bàofā
2488,底,底,dǐ
2489,決策,决策,juécè
2490,抱,抱,bào
2491,故宮,故宫,gùgōng
2492,傑出,杰出,jiéchū
2493,窗,窗,chuāng
2494,說明,说明,shuōmíng
2495,糧食,粮食,liángshí
2496,固然,固然,gùrán
2497,變遷,变迁,biànqiān
2498,議題,议题,yìtí
2499,凡,凡,fán
2500,太多,太多,tàiduō
2501,民俗,民俗,mínsú
2502,唱片,唱片,chàngpiàn
2503,實驗,实验,shíyàn
2504,處於,处于,chǔyū
2505,效益,效益,xiàoyì
2506,古典,古典,gǔdiǎn
2507,構想,构想,gòuxiǎng
2508,期望,期望,qíwàng
2509,推薦,推荐,tuījiàn
2510,收集,收集,shōují
2511,推薦,推荐,tuījiàn
2512,命,命,mìng
2513,車輛,车辆,chēliàng
2514,收集,收集,shōují
2515,實踐,实践,shíjiàn
2516,商人,商人,shāngrén
2517,華航,华航,huáháng
2518,頭髮,头发,tóufǎ
2519,實踐,实践,shíjiàn
2520,描述,描述,miáoshù
2521,潮流,潮流,cháoliú
2522,若干,若干,ruògān
2523,方,方,fāng
2524,台灣人,台湾人,táiwānrén
2525,領袖,领袖,lǐngxiù
2526,眾多,众多,zhòngduō
2527,故意,故意,gùyì
2528,和諧,和谐,héxié
2529,取締,取缔,qǔdì
2530,抽,抽,chōu
2531,大地,大地,dàdì
2532,大門,大门,dàmén
2533,追,追,zhuī
2534,性別,性别,xìngbié
2535,邀,邀,yāo
2536,入學,入学,rùxué
2537,傷害,伤害,shānghài
2538,更新,更新,gēngxīn
2539,呈,呈,chéng
2540,更新,更新,gēngxīn
2541,中學,中学,zhōngxué
2542,吳,吴,wú
2543,保障,保障,bǎozhàng
2544,書籍,书籍,shūjí
2545,四周,四周,sìzhōu
2546,客觀,客观,kèguān
2547,戶,户,hù
2548,檢驗,检验,jiǎnyàn
2549,蒐集,蒐集,sōují
2550,檢驗,检验,jiǎnyàn
2551,獨特,独特,dútè
2552,無奈,无奈,wúnài
2553,肉,肉,ròu
2554,無限,无限,wúxiàn
2555,觀賞,观赏,guānshǎng
2556,可能性,可能性,kěnéngxìng
2557,無奈,无奈,wúnài
2558,現代人,现代人,xiàndàirén
2559,情勢,情势,qíngshì
2560,推展,推展,tuīzhǎn
2561,師大,师大,shīdà
2562,宣布,宣布,xuānbù
2563,律師,律师,lùshī
2564,宣布,宣布,xuānbù
2565,波斯灣,波斯湾,pōsīwān
2566,飲食,饮食,yǐnshí
2567,睡覺,睡觉,shuìjiào
2568,空,空,kòng
2569,聯合,联合,liánhé
2570,可見,可见,kějiàn
2571,訪,访,fǎng
2572,電力,电力,diànlì
2573,失望,失望,shīwàng
2574,鄉,乡,xiāng
2575,旅館,旅馆,lǔguǎn
2576,政黨,政党,zhèngdǎng
2577,取消,取消,qǔxiāo
2578,地面,地面,dìmiàn
2579,防止,防止,fángzhǐ
2580,取消,取消,qǔxiāo
2581,言論,言论,yánlùn
2582,差別,差别,chābié
2583,失望,失望,shīwàng
2584,建造,建造,jiànzào
2585,代價,代价,dàijià
2586,戴,戴,dài
2587,跟,跟,gēn
2588,常見,常见,chángjiàn
2589,房地產,房地产,fángdìchǎn
2590,食品,食品,shípǐn
2591,個別,个别,gèbié
2592,建造,建造,jiànzào
2593,來賓,来宾,láibīn
2594,重複,重复,chóngfù
2595,兼,兼,jiān
2596,意外,意外,yìwài
2597,秒,秒,miǎo
2598,全體,全体,quántǐ
2599,方,方,fāng
2600,沒想到,没想到,méixiǎngdào
2601,足以,足以,zúyǐ
2602,損失,损失,sǔnshī
2603,當場,当场,dāngcháng
2604,舒服,舒服,shūfú
2605,憑,凭,píng
2606,手術,手术,shǒushù
2607,之內,之内,zhīnèi
2608,信任,信任,xìnrèn
2609,血,血,xiě
2610,信任,信任,xìnrèn
2611,公務員,公务员,gōngwùyuán
2612,浪漫,浪漫,làngmàn
2613,業界,业界,yèjiè
2614,棟,栋,dòng
2615,暴力,暴力,bàolì
2616,腿,腿,tuǐ
2617,充實,充实,chōngshí
2618,公會,公会,gōnghuì
2619,也就是說,也就是说,yějiùshìshuō
2620,升級,升级,shēngjí
2621,指示,指示,zhǐshì
2622,充實,充实,chōngshí
2623,古蹟,古蹟,gǔjī
2624,還,还,hái
2625,緊急,紧急,jǐnjí
2626,創業,创业,chuàngyè
2627,新竹市,新竹市,xīnzhúshì
2628,創業,创业,chuàngyè
2629,裡頭,里头,lǐtóu
2630,基因,基因,jīyīn
2631,崇拜,崇拜,chóngbài
2632,風景,风景,fēngjǐng
2633,也好,也好,yěhǎo
2634,日期,日期,rìqí
2635,佛教,佛教,fójiào
2636,一一,一一,yīyī
2637,當局,当局,dāngjú
2638,進,进,jìn
2639,格式,格式,géshì
2640,北部,北部,běibù
2641,吸食,吸食,xīshí
2642,天天,天天,tiāntiān
2643,現況,现况,xiànkuàng
2644,紙,纸,zhǐ
2645,貨,货,huò
2646,相反,相反,xiāngfǎn
2647,按照,按照,ànzhào
2648,特,特,tè
2649,吸食,吸食,xīshí
2650,見面,见面,jiànmiàn
2651,發動,发动,fādòng
2652,公頃,公顷,gōngqīng
2653,主機,主机,zhǔjī
2654,隨便,随便,suíbiàn
2655,資本,资本,zīběn
2656,發動,发动,fādòng
2657,裝,装,zhuāng
2658,走進,走进,zǒujìn
2659,分類,分类,fēnlèi
2660,別,别,bié
2661,泰國,泰国,tàiguó
2662,倫敦,伦敦,lúndūn
2663,秘書,秘书,mìshū
2664,部屬,部属,bùshǔ
2665,高度,高度,gāodù
2666,問卷,问卷,wènjuàn
2667,乾淨,干净,gānjìng
2668,肝炎,肝炎,gānyán
2669,來臨,来临,láilín
2670,胡,胡,hú
2671,保證,保证,bǎozhèng
2672,能否,能否,néngfǒu
2673,肚子,肚子,dùzi
2674,地震,地震,dìzhèn
2675,指定,指定,zhǐdìng
2676,時常,时常,shícháng
2677,民營,民营,mínyíng
2678,確保,确保,quèbǎo
2679,新台幣,新台币,xīntáibì
2680,喊,喊,hǎn
2681,途徑,途径,tújìng
2682,民營,民营,mínyíng
2683,一路,一路,yīlù
2684,輸出,输出,shūchū
2685,敏感,敏感,mǐngǎn
2686,溫暖,温暖,wēnnuǎn
2687,可怕,可怕,kěpà
2688,生理,生理,shēnglǐ
2689,月亮,月亮,yuèliàng
2690,輸出,输出,shūchū
2691,癌,癌,yán
2692,溫暖,温暖,wēnnuǎn
2693,動機,动机,dòngjī
2694,連,连,lián
2695,帶領,带领,dàilǐng
2696,東南亞,东南亚,dōngnányǎ
2697,印表機,印表机,yìnbiǎojī
2698,成分,成分,chéngfèn
2699,據了解,据了解,jùliǎojiě
2700,儒家,儒家,rújiā
2701,可怕,可怕,kěpà
2702,教育,教育,jiàoyū
2703,設法,设法,shèfǎ
2704,儲存,储存,chúcún
2705,搭配,搭配,dāpèi
2706,傳輸,传输,chuánshū
2707,離,离,lí
2708,圖書,图书,túshū
2709,搭配,搭配,dāpèi
2710,高科技,高科技,gāokējì
2711,治,治,zhì
2712,門口,门口,ménkǒu
2713,外在,外在,wàizài
2714,儲存,储存,chúcún
2715,符號,符号,fúhào
2716,風貌,风貌,fēngmào
2717,名詞,名词,míngcí
2718,合併,合并,hébìng
2719,利潤,利润,lìrùn
2720,合併,合并,hébìng
2721,搶,抢,qiǎng
2722,幹,干,gàn
2723,無數,无数,wúshù
2724,奧運,奥运,àoyùn
2725,就,就,jiù
2726,句子,句子,jùzi
2727,娛樂,娱乐,yúlè
2728,百貨,百货,bǎihuò
2729,分子,分子,fènzǐ
2730,厲害,厉害,lìhài
2731,零,零,líng
2732,厲害,厉害,lìhài
2733,殘障,残障,cánzhàng
2734,國語,国语,guóyǔ
2735,少女,少女,shàonǔ
2736,作,作,zuò
2737,教堂,教堂,jiàotáng
2738,許,许,xǔ
2739,風險,风险,fēngxiǎn
2740,教科書,教科书,jiàokēshū
2741,黑色,黑色,hēisè
2742,資深,资深,zīshēn
2743,就讀,就读,jiùdú
2744,曉得,晓得,xiǎode
2745,請問,请问,qǐngwèn
2746,增進,增进,zēngjìn
2747,贏得,赢得,yíngdé
2748,犯罪,犯罪,fànzuì
2749,台幣,台币,táibì
2750,犯罪,犯罪,fànzuì
2751,偶爾,偶尔,ǒuěr
2752,培訓,培训,péixùn
2753,譬如說,譬如说,pìrúshuō
2754,上帝,上帝,shàngdì
2755,種,种,zhòng
2756,輩子,辈子,bèizi
2757,筆者,笔者,bǐzhě
2758,喪失,丧失,sàngshī
2759,部長,部长,bùzhǎng
2760,寂寞,寂寞,jímò
2761,培訓,培训,péixùn
2762,設有,设有,shèyǒu
2763,情報,情报,qíngbào
2764,前來,前来,qiánlái
2765,飛彈,飞弹,fēidàn
2766,虎,虎,hǔ
2767,寂寞,寂寞,jímò
2768,專題,专题,zhuāntí
2769,排名,排名,páimíng
2770,怎樣,怎样,zěnyàng
2771,案例,案例,ànlì
2772,傳送,传送,chuánsòng
2773,排名,排名,páimíng
2774,允許,允许,yǔnxǔ
2775,認定,认定,rèndìng
2776,威脅,威胁,wēixié
2777,大聲,大声,dàshēng
2778,傳送,传送,chuánsòng
2779,當做,当做,dāngzuò
2780,經銷商,经销商,jīngxiāoshāng
2781,將近,将近,jiāngjìn
2782,戰,战,zhàn
2783,愛心,爱心,àixīn
2784,回國,回国,huíguó
2785,跑到,跑到,pǎodào
2786,過來,过来,guòlái
2787,印度,印度,yìndù
2788,音,音,yīn
2789,待遇,待遇,dàiyū
2790,開會,开会,kāihuì
2791,身分,身分,shēnfèn
2792,存,存,cún
2793,留學,留学,liúxué
2794,重要性,重要性,zhòngyàoxìng
2795,時機,时机,shíjī
2796,國科會,国科会,guókēhuì
2797,時刻,时刻,shíkè
2798,節,节,jié
2799,開會,开会,kāihuì
2800,遭到,遭到,zāodào
2801,不已,不已,bùyǐ
2802,中油,中油,zhōngyóu
2803,景氣,景气,jǐngqì
2804,補充,补充,bǔchōng
2805,公主,公主,gōngzhǔ
2806,千萬,千万,qiānwàn
2807,公布,公布,gōngbù
2808,豬,猪,zhū
2809,潛力,潜力,qiánlì
2810,黃金,黄金,huángjīn
2811,單元,单元,dānyuán
2812,街道,街道,jiēdào
2813,略,略,luè
2814,財產權,财产权,cáichǎnquán
2815,地理,地理,dìlǐ
2816,周,周,zhōu
2817,到達,到达,dàodá
2818,電信局,电信局,diànxìnjú
2819,促銷,促销,cùxiāo
2820,工程師,工程师,gōngchéngshī
2821,確實,确实,quèshí
2822,遠距,远距,yuǎnjù
2823,驚人,惊人,jīngrén
2824,為,为,wèi
2825,促銷,促销,cùxiāo
2826,彩色,彩色,cǎisè
2827,真理,真理,zhēnlǐ
2828,宣佈,宣佈,xuānbù
2829,變動,变动,biàndòng
2830,點,点,diǎn
2831,市政府,市政府,shìzhèngfǔ
2832,躺,躺,tǎng
2833,漸,渐,jiàn
2834,普通,普通,pǔtōng
2835,進來,进来,jìnlái
2836,涉及,涉及,shèjí
2837,保護區,保护区,bǎohùqū
2838,版本,版本,bǎnběn
2839,制定,制定,zhìdìng
2840,定義,定义,dìngyì
2841,事項,事项,shìxiàng
2842,法則,法则,fǎzé
2843,否認,否认,fǒurèn
2844,抱怨,抱怨,bàoyuàn
2845,宜蘭,宜兰,yílán
2846,人群,人群,rénqún
2847,廣大,广大,guǎngdà
2848,鄰居,邻居,línjū
2849,模型,模型,móxíng
2850,忍不住,忍不住,rěnbúzhù
2851,現行,现行,xiànxíng
2852,瓷器,瓷器,cíqì
2853,荷蘭,荷兰,hélán
2854,家鄉,家乡,jiāxiāng
2855,前途,前途,qiántú
2856,花蓮,花莲,huālián
2857,含,含,hán
2858,合約,合约,héyuē
2859,官方,官方,guānfāng
2860,成效,成效,chéngxiào
2861,克服,克服,kèfú
2862,循環,循环,xúnhuán
2863,新鮮,新鲜,xīnxiān
2864,和解,和解,héjiě
2865,原先,原先,yuánxiān
2866,金,金,jīn
2867,油,油,yóu
2868,臺,台,tái
2869,巨大,巨大,jùdà
2870,公車,公车,gōngchē
2871,傳說,传说,chuánshuō
2872,動力,动力,dònglì
2873,推行,推行,tuīxíng
2874,雞,鸡,jī
2875,回應,回应,huíyìng
2876,介入,介入,jièrù
2877,內在,内在,nèizài
2878,人體,人体,réntǐ
2879,介入,介入,jièrù
2880,謂,谓,wèi
2881,臺大,台大,táidà
2882,確,确,què
2883,能,能,néng
2884,美術,美术,měishù
2885,活力,活力,huólì
2886,致,致,zhì
2887,活動,活动,huódòng
2888,完,完,wán
2889,那麼多,那么多,nàmeduō
2890,物理,物理,wùlǐ
2891,推行,推行,tuīxíng
2892,終,终,zhōng
2893,分成,分成,fēnchéng
2894,台中市,台中市,táizhōngshì
2895,代理,代理,dàilǐ
2896,樂趣,乐趣,lèqù
2897,超級,超级,chāojí
2898,勞動,劳动,láodòng
2899,唯有,唯有,wéiyǒu
2900,宣傳,宣传,xuānchuán
2901,交給,交给,jiāogěi
2902,受傷,受伤,shòushāng
2903,講師,讲师,jiǎngshī
2904,抵達,抵达,dǐdá
2905,體重,体重,tǐzhòng
2906,不見得,不见得,bújiàndé
2907,領導,领导,lǐngdǎo
2908,蝸牛,蜗牛,guānióu
2909,群眾,群众,qúnzhòng
2910,抵達,抵达,dǐdá
2911,刻意,刻意,kèyì
2912,李登輝,李登辉,lǐdēnghuī
2913,合作社,合作社,hézuòshè
2914,印尼,印尼,yìnní
2915,規格,规格,guīgé
2916,價值觀,价值观,jiàzhíguān
2917,依賴,依赖,yīlài
2918,百貨公司,百货公司,bǎihuògōngsī
2919,負擔,负担,fùdān
2920,封,封,fēng
2921,馬路,马路,mǎlù
2922,通知,通知,tōngzhī
2923,普及,普及,pǔjí
2924,坪,坪,píng
2925,綠,绿,lù
2926,不安,不安,bùān
2927,鐵路,铁路,tiělù
2928,普及,普及,pǔjí
2929,錄影帶,录影带,lùyǐngdài
2930,局面,局面,júmiàn
2931,團隊,团队,tuánduì
2932,優先,优先,yōuxiān
2933,對,对,duì
2934,進去,进去,jìnqù
2935,黃,黄,huáng
2936,神經,神经,shénjīng
2937,近來,近来,jìnlái
2938,英語,英语,yīngyǔ
2939,刺激,刺激,cìjī
2940,羊,羊,yáng
2941,老虎,老虎,lǎohǔ
2942,所得,所得,suǒdé
2943,健全,健全,jiànquán
2944,邊,边,biān
2945,主體,主体,zhǔtǐ
2946,大致,大致,dàzhì
2947,對手,对手,duìshǒu
2948,還要,还要,háiyào
2949,健全,健全,jiànquán
2950,建構,建构,jiàngòu
2951,星星,星星,xīngxīng
2952,建構,建构,jiàngòu
2953,大哥,大哥,dàgē
2954,培育,培育,péiyū
2955,用心,用心,yòngxīn
2956,書記,书记,shūjì
2957,財政部,财政部,cáizhèngbù
2958,培育,培育,péiyū
2959,遊行,遊行,yóuxíng
2960,行,行,xíng
2961,太平洋,太平洋,tàipíngyáng
2962,造,造,zào
2963,咖啡,咖啡,kāfēi
2964,名單,名单,míngdān
2965,注重,注重,zhùzhòng
2966,周圍,周围,zhōuwéi
2967,主權,主权,zhǔquán
2968,水泥,水泥,shuǐní
2969,近,近,jìn
2970,合法,合法,héfǎ
2971,便利,便利,biànlì
2972,落後,落后,luòhòu
2973,詢問,询问,xúnwèn
2974,送給,送给,sònggěi
2975,惟,惟,wéi
2976,表,表,biǎo
2977,糾紛,纠纷,jiūfēn
2978,空中,空中,kōngzhōng
2979,過於,过于,guòyū
2980,任,任,rèn
2981,晚,晚,wǎn
2982,車站,车站,chēzhàn
2983,有助於,有助于,yǒuzhùyū
2984,便利,便利,biànlì
2985,落後,落后,luòhòu
2986,之類,之类,zhīlèi
2987,下降,下降,xiàjiàng
2988,手續,手续,shǒuxù
2989,轉換,转换,zhuǎnhuàn
2990,立法,立法,lìfǎ
2991,刀,刀,dāo
2992,帶給,带给,dàigěi
2993,涵蓋,涵盖,hángài
2994,差不多,差不多,chābùduō
2995,主持人,主持人,zhǔchírén
2996,完工,完工,wángōng
2997,里,里,lǐ
2998,楊,杨,yáng
2999,內政部,内政部,nèizhèngbù
3000,躲,躲,duǒ
3001,美術館,美术馆,měishùguǎn
3002,領先,领先,lǐngxiān
3003,不當,不当,búdàng
3004,用地,用地,yòngdì
3005,認知,认知,rènzhī
3006,基層,基层,jīcéng
3007,做出,做出,zuòchū
3008,政權,政权,zhèngquán
3009,甚麼,什么,shéme
3010,風景區,风景区,fēngjǐngqū
3011,季節,季节,jìjié
3012,享有,享有,xiǎngyǒu
3013,對不起,对不起,duìbùqǐ
3014,建設,建设,jiànshè
3015,出口,出口,chūkǒu
3016,引導,引导,yǐndǎo
3017,實行,实行,shíxíng
3018,錯誤,错误,cuòwù
3019,國內外,国内外,guónèiwài
3020,迄,迄,qì
3021,神話,神话,shénhuà
3022,盡,尽,jìn
3023,花園,花园,huāyuán
3024,非洲,非洲,fēizhōu
3025,組織,组织,zǔzhī
3026,音樂會,音乐会,yīnyuèhuì
3027,繼,继,jì
3028,預估,预估,yūgū
3029,著作,著作,zhùzuò
3030,感受到,感受到,gǎnshòudào
3031,保障,保障,bǎozhàng
3032,自主,自主,zìzhǔ
3033,好多,好多,hǎoduō
3034,自主,自主,zìzhǔ
3035,姑娘,姑娘,gūniáng
3036,財團,财团,cáituán
3037,預期,预期,yūqí
3038,安定,安定,āndìng
3039,上升,上升,shàngshēng
3040,未必,未必,wèibì
3041,噸,吨,dùn
3042,模擬,模拟,mónǐ
3043,發言,发言,fāyán
3044,底下,底下,dǐxià
3045,安定,安定,āndìng
3046,模擬,模拟,mónǐ
3047,票,票,piào
3048,出門,出门,chūmén
3049,輔助,辅助,fǔzhù
3050,傾向,倾向,qīngxiàng
3051,過年,过年,guònián
3052,照,照,zhào
3053,廟,庙,miào
3054,幫,帮,bāng
3055,人工,人工,réngōng
3056,禮,礼,lǐ
3057,信,信,xìn
3058,勝利,胜利,shènglì
3059,魅力,魅力,mèilì
3060,首長,首长,shǒuzhǎng
3061,勝利,胜利,shènglì
3062,過年,过年,guònián
3063,毫不,毫不,háobù
3064,組長,组长,zǔzhǎng
3065,專長,专长,zhuāncháng
3066,物品,物品,wùpǐn
3067,哇,哇,wā
3068,後者,后者,hòuzhě
3069,輔助,辅助,fǔzhù
3070,珍貴,珍贵,zhēnguì
3071,景象,景象,jǐngxiàng
3072,選出,选出,xuǎnchū
3073,澎湖,澎湖,pénghú
3074,學員,学员,xuéyuán
3075,監督,监督,jiāndū
3076,加拿大,加拿大,jiānádà
3077,以色列,以色列,yǐsèliè
3078,參賽,参赛,cānsài
3079,混亂,混乱,hǔnluàn
3080,走出,走出,zǒuchū
3081,收到,收到,shōudào
3082,佛,佛,fó
3083,如同,如同,rútóng
3084,初,初,chū
3085,混亂,混乱,hǔnluàn
3086,排,排,pái
3087,歲月,岁月,suìyuè
3088,參賽,参赛,cānsài
3089,屆時,届时,jièshí
3090,這邊,这边,zhèbiān
3091,班,班,bān
3092,塑造,塑造,sùzào
3093,權威,权威,quánwēi
3094,雙重,双重,shuāngchóng
3095,古老,古老,gǔlǎo
3096,廣播,广播,guǎngbō
3097,樂觀,乐观,lèguān
3098,塑造,塑造,sùzào
3099,定期,定期,dìngqí
3100,強大,强大,qiángdà
3101,社會主義,社会主义,shèhuìzhǔyì
3102,事宜,事宜,shìyí
3103,交往,交往,jiāowǎng
3104,時空,时空,shíkōng
3105,露出,露出,lòuchū
3106,請教,请教,qǐngjiào
3107,繁榮,繁荣,fánróng
3108,嬉皮,嬉皮,xīpí
3109,繁榮,繁荣,fánróng
3110,斤,斤,jīn
3111,暨,暨,jì
3112,行情,行情,hángqíng
3113,先導,先导,xiāndǎo
3114,防治,防治,fángzhì
3115,列入,列入,lièrù
3116,依據,依据,yījù
3117,完美,完美,wánměi
3118,同胞,同胞,tóngbāo
3119,原理,原理,yuánlǐ
3120,財富,财富,cáifù
3121,黃,黄,huáng
3122,難免,难免,nánmiǎn
3123,中小企業,中小企业,zhōngxiǎoqìyè
3124,全力,全力,quánlì
3125,影響到,影响到,yǐngxiǎngdào
3126,貴族,贵族,guìzú
3127,祖先,祖先,zǔxiān
3128,待,待,dài
3129,怎麼,怎么,zěnme
3130,流通,流通,liútōng
3131,姊姊,姊姊,jiějiě
3132,純,纯,chún
3133,學會,学会,xuéhuì
3134,聯繫,联系,liánxì
3135,報,报,bào
3136,颱風,台风,táifēng
3137,盤,盘,pán
3138,精緻,精致,jīngzhì
3139,聯考,联考,liánkǎo
3140,隊伍,队伍,duìwǔ
3141,大台北,大台北,dàtáiběi
3142,和尚,和尚,héshàng
3143,聯繫,联系,liánxì
3144,回收,回收,huíshōu
3145,便是,便是,biànshì
3146,後,后,hòu
3147,師範,师范,shīfàn
3148,陷入,陷入,xiànrù
3149,旅,旅,lǔ
3150,高度,高度,gāodù
3151,租,租,zū
3152,副,副,fù
3153,義大利,义大利,yìdàlì
3154,籃球,篮球,lánqiú
3155,生產力,生产力,shēngchǎnlì
3156,犯,犯,fàn
3157,評鑑,评鑑,píngjiàn
3158,搜尋,搜寻,sōuxún
3159,有利,有利,yǒulì
3160,情境,情境,qíngjìng
3161,處處,处处,chùchù
3162,則,则,zé
3163,物價,物价,wùjià
3164,宜,宜,yí
3165,弄,弄,nòng
3166,根,根,gēn
3167,評鑑,评鑑,píngjiàn
3168,趟,趟,tàng
3169,歌曲,歌曲,gēqǔ
3170,燒,烧,shāo
3171,趙,赵,zhào
3172,文物,文物,wénwù
3173,四處,四处,sìchù
3174,心臟,心脏,xīnzàng
3175,難怪,难怪,nánguài
3176,唱歌,唱歌,chànggē
3177,數目,数目,shùmù
3178,不時,不时,bùshí
3179,修訂,修订,xiūdìng
3180,詞彙,词汇,cíhuì
3181,乾脆,干脆,gāncuì
3182,社長,社长,shèzhǎng
3183,修訂,修订,xiūdìng
3184,唱歌,唱歌,chànggē
3185,球場,球场,qiúchǎng
3186,身份,身份,shēnfèn
3187,解釋,解释,jiěshì
3188,計畫,计画,jìhuà
3189,水果,水果,shuǐguǒ
3190,發明,发明,fāmíng
3191,戶外,户外,hùwài
3192,司法,司法,sīfǎ
3193,熱門,热门,rèmén
3194,環保局,环保局,huánbǎojú
3195,解放,解放,jiěfàng
3196,草,草,cǎo
3197,東吳,东吴,dōngwú
3198,幸運,幸运,xìngyùn
3199,解放,解放,jiěfàng
3200,違規,违规,wéiguī
3201,下來,下来,xiàlái
3202,熱心,热心,rèxīn
3203,算,算,suàn
3204,領,领,lǐng
3205,創新,创新,chuàngxīn
3206,電,电,diàn
3207,靈魂,灵魂,línghún
3208,尊嚴,尊严,zūnyán
3209,協商,协商,xiéshāng
3210,網,网,wǎng
3211,軍人,军人,jūnrén
3212,物件,物件,wùjiàn
3213,省府,省府,shěngfǔ
3214,背,背,bèi
3215,書法,书法,shūfǎ
3216,違規,违规,wéiguī
3217,創新,创新,chuàngxīn
3218,運輸,运输,yùnshū
3219,禮拜,礼拜,lǐbài
3220,觀,观,guān
3221,願望,愿望,yuànwàng
3222,臨床,临床,línchuáng
3223,練,练,liàn
3224,麻煩,麻烦,máfán
3225,當成,当成,dāngchéng
3226,皇帝,皇帝,huángdì
3227,男孩,男孩,nánhái
3228,有錢,有钱,yǒuqián
3229,瑞士,瑞士,ruìshì
3230,何況,何况,hékuàng
3231,擴充,扩充,kuòchōng
3232,獎勵,奖励,jiǎnglì
3233,分佈,分佈,fēnbù
3234,競賽,竞赛,jìngsài
3235,對應,对应,duìyìng
3236,嚴肅,严肃,yánsù
3237,脫離,脱离,tuōlí
3238,主委,主委,zhǔwěi
3239,應付,应付,yìngfù
3240,注意到,注意到,zhùyìdào
3241,安裝,安装,ānzhuāng
3242,國王,国王,guówáng
3243,著,着,zhuó
3244,筆,笔,bǐ
3245,發達,发达,fādá
3246,單一,单一,dānyī
3247,安裝,安装,ānzhuāng
3248,歷經,历经,lìjīng
3249,飲料,饮料,yǐnliào
3250,萬一,万一,wànyī
3251,機械,机械,jīxiè
3252,影響力,影响力,yǐngxiǎnglì
3253,不免,不免,bùmiǎn
3254,加速,加速,jiāsù
3255,加州,加州,jiāzhōu
3256,專,专,zhuān
3257,比率,比率,bǐlù
3258,科目,科目,kēmù
3259,致力,致力,zhìlì
3260,完善,完善,wánshàn
3261,成人,成人,chéngrén
3262,吵架,吵架,chǎojià
3263,名額,名额,míngé
3264,完善,完善,wánshàn
3265,吵架,吵架,chǎojià
3266,發,发,fā
3267,換句話說,换句话说,huànjùhuàshuō
3268,產,产,chǎn
3269,不然,不然,bùrán
3270,支付,支付,zhīfù
3271,可行,可行,kěxíng
3272,支付,支付,zhīfù
3273,變化,变化,biànhuà
3274,競選,竞选,jìngxuǎn
3275,關,关,guān
3276,競選,竞选,jìngxuǎn
3277,雙手,双手,shuāngshǒu
3278,有些,有些,yǒuxiē
3279,名,名,míng
3280,表,表,biǎo
3281,社員,社员,shèyuán
3282,產,产,chǎn
3283,反應,反应,fǎnyìng
3284,假,假,jiǎ
3285,樂園,乐园,lèyuán
3286,餓死,饿死,èsǐ
3287,湖,湖,hú
3288,國際化,国际化,guójìhuà
3289,營養,营养,yíngyǎng
3290,轉,转,zhuǎn
3291,不便,不便,búbiàn
3292,反,反,fǎn
3293,山地,山地,shāndì
3294,考驗,考验,kǎoyàn
3295,不變,不变,búbiàn
3296,成,成,chéng
3297,國際化,国际化,guójìhuà
3298,時光,时光,shíguāng
3299,念書,念书,niànshū
3300,多元化,多元化,duōyuánhuà
3301,交通部,交通部,jiāotōngbù
3302,依法,依法,yīfǎ
3303,多元化,多元化,duōyuánhuà
3304,艘,艘,sāo
3305,強化,强化,qiánghuà
3306,煙,烟,yān
3307,勢力,势力,shìlì
3308,敵人,敌人,dírén
3309,儀器,仪器,yíqì
3310,功夫,功夫,gōngfū
3311,不景氣,不景气,bùjǐngqì
3312,離婚,离婚,líhūn
3313,持,持,chí
3314,財政,财政,cáizhèng
3315,離婚,离婚,líhūn
3316,倫理,伦理,lúnlǐ
3317,強盜,强盗,qiángdào
3318,負面,负面,fùmiàn
3319,企業界,企业界,qìyèjiè
3320,紅色,红色,hóngsè
3321,施行,施行,shīxíng
3322,列為,列为,lièwéi
3323,強化,强化,qiánghuà
3324,姓,姓,xìng
3325,關切,关切,guānqiè
3326,眾人,众人,zhòngrén
3327,禮物,礼物,lǐwù
3328,不利,不利,búlì
3329,不佳,不佳,bùjiā
3330,教育廳,教育厅,jiàoyūtīng
3331,家屬,家属,jiāshǔ
3332,咱們,咱们,zánmen
3333,呼吸,呼吸,hūxī
3334,兒女,儿女,érnǔ
3335,款,款,kuǎn
3336,象徵,象征,xiàngzhēng
3337,煮,煮,zhǔ
3338,顯著,显著,xiǎnzhù
3339,大躍進,大跃进,dàyuèjìn
3340,止,止,zhǐ
3341,付,付,fù
3342,演員,演员,yǎnyuán
3343,嬰兒,婴儿,yīngér
3344,典禮,典礼,diǎnlǐ
3345,忍受,忍受,rěnshòu
3346,城鎮,城镇,chéngzhèn
3347,異常,异常,yìcháng
3348,補助,补助,bǔzhù
3349,案子,案子,ànzi
3350,好朋友,好朋友,hǎopéngyǒu
3351,輕易,轻易,qīngyì
3352,碼頭,码头,mǎtóu
3353,計劃,计划,jìhuà
3354,服務業,服务业,fúwùyè
3355,工作站,工作站,gōngzuòzhàn
3356,外表,外表,wàibiǎo
3357,熊,熊,xióng
3358,勢必,势必,shìbì
3359,鬥爭,斗争,dòuzhēng
3360,研擬,研拟,yánnǐ
3361,行列,行列,hángliè
3362,研擬,研拟,yánnǐ
3363,收藏,收藏,shōucáng
3364,法人,法人,fǎrén
3365,收藏,收藏,shōucáng
3366,企圖,企图,qìtú
3367,再次,再次,zàicì
3368,科系,科系,kēxì
3369,贊助,赞助,zànzhù
3370,網球,网球,wǎngqiú
3371,人心,人心,rénxīn
3372,有用,有用,yǒuyòng
3373,聚集,聚集,jùjí
3374,編列,编列,biānliè
3375,證據,证据,zhèngjù
3376,自身,自身,zìshēn
3377,編列,编列,biānliè
3378,寫作,写作,xiězuò
3379,趁,趁,chèn
3380,進度,进度,jìndù
3381,提前,提前,tíqián
3382,氣息,气息,qìxí
3383,工業區,工业区,gōngyèqū
3384,聚集,聚集,jùjí
3385,會談,会谈,huìtán
3386,慾望,慾望,yūwàng
3387,輸,输,shū
3388,優良,优良,yōuliáng
3389,文獻,文献,wénxiàn
3390,籌備,筹备,chóubèi
3391,勸,劝,quàn
3392,追蹤,追踪,zhuīzōng
3393,籌備,筹备,chóubèi
3394,有線,有线,yǒuxiàn
3395,會談,会谈,huìtán
3396,逐步,逐步,zhúbù
3397,安打,安打,āndǎ
3398,每,每,měi
3399,列印,列印,lièyìn
3400,宣導,宣导,xuāndǎo
3401,城堡,城堡,chéngbǎo
3402,追蹤,追踪,zhuīzōng
3403,收穫,收获,shōuhuò
3404,手冊,手册,shǒucè
3405,燈光,灯光,dēngguāng
3406,語文,语文,yǔwén
3407,團,团,tuán
3408,資策會,资策会,zīcèhuì
3409,一連串,一连串,yīliánchuàn
3410,有心,有心,yǒuxīn
3411,雙,双,shuāng
3412,績效,绩效,jīxiào
3413,逼,逼,bī
3414,鏡頭,镜头,jìngtóu
3415,開心,开心,kāixīn
3416,否定,否定,fǒudìng
3417,地主,地主,dìzhǔ
3418,老大,老大,lǎodà
3419,研究生,研究生,yánjiùshēng
3420,氣質,气质,qìzhí
3421,拿出,拿出,náchū
3422,訴求,诉求,sùqiú
3423,開心,开心,kāixīn
3424,稍微,稍微,shāowéi
3425,利率,利率,lìlù
3426,當選,当选,dāngxuǎn
3427,台南,台南,táinán
3428,擬定,拟定,nǐdìng
3429,隔,隔,gé
3430,經建會,经建会,jīngjiànhuì
3431,貼,贴,tiē
3432,忽視,忽视,hūshì
3433,郝柏村,郝柏村,hǎobócūn
3434,查獲,查获,cháhuò
3435,拆除,拆除,chāichú
3436,忽視,忽视,hūshì
3437,式,式,shì
3438,傳來,传来,chuánlái
3439,象徵,象征,xiàngzhēng
3440,樂,乐,lè
3441,罷了,罢了,bàle
3442,演,演,yǎn
3443,出身,出身,chūshēn
3444,心得,心得,xīndé
3445,出身,出身,chūshēn
3446,上學,上学,shàngxué
3447,去世,去世,qùshì
3448,忙碌,忙碌,mánglù
3449,衛生署,卫生署,wèishēngshǔ
3450,記憶體,记忆体,jìyìtǐ
3451,定位,定位,dìngwèi
3452,忙碌,忙碌,mánglù
3453,紀念,纪念,jìniàn
3454,場面,场面,chángmiàn
3455,得意,得意,déyì
3456,寄,寄,jì
3457,基隆,基隆,jīlóng
3458,效應,效应,xiàoyìng
3459,海水,海水,hǎishuǐ
3460,貸款,贷款,dàikuǎn
3461,夫婦,夫妇,fūfù
3462,擬,拟,nǐ
3463,代表,代表,dàibiǎo
3464,舊金山,旧金山,jiùjīnshān
3465,蝴蝶,蝴蝶,húdié
3466,盡量,尽量,jìnliàng
3467,過度,过度,guòdù
3468,乃,乃,nǎi
3469,發起,发起,fāqǐ
3470,角落,角落,jiǎoluò
3471,防,防,fáng
3472,附加,附加,fùjiā
3473,屏東,屏东,píngdōng
3474,國籍,国籍,guójí
3475,章,章,zhāng
3476,義務,义务,yìwù
3477,開口,开口,kāikǒu
3478,移民,移民,yímín
3479,出,出,chū
3480,主張,主张,zhǔzhāng
3481,上漲,上涨,shàngzhǎng
3482,請求,请求,qǐngqiú
3483,測試,测试,cèshì
3484,不到,不到,búdào
3485,恐懼,恐惧,kǒngjù
3486,來得,来得,láide
3487,得知,得知,dézhī
3488,挑戰,挑战,tiǎozhàn
3489,排除,排除,páichú
3490,最為,最为,zuìwéi
3491,排除,排除,páichú
3492,眼淚,眼泪,yǎnlèi
3493,專輯,专辑,zhuānjí
3494,恐懼,恐惧,kǒngjù
3495,教導,教导,jiàodǎo
3496,田,田,tián
3497,僅有,仅有,jǐnyǒu
3498,移植,移植,yízhí
3499,核酸,核酸,hésuān
3500,教導,教导,jiàodǎo
3501,趕緊,赶紧,gǎnjǐn
3502,業績,业绩,yèjī
3503,點,点,diǎn
3504,平靜,平静,píngjìng
3505,口號,口号,kǒuhào
3506,山西,山西,shānxī
3507,出版品,出版品,chūbǎnpǐn
3508,逃避,逃避,táobì
3509,咬,咬,yǎo
3510,平靜,平静,píngjìng
3511,有關,有关,yǒuguān
3512,背,背,bèi
3513,石油,石油,shíyóu
3514,雪,雪,xuě
3515,局長,局长,júzhǎng
3516,展覽,展览,zhǎnlǎn
3517,面貌,面貌,miànmào
3518,現實,现实,xiànshí
3519,秘書長,秘书长,mìshūzhǎng
3520,討厭,讨厌,tǎoyàn
3521,移植,移植,yízhí
3522,插,插,chā
3523,東部,东部,dōngbù
3524,決心,决心,juéxīn
3525,聯邦,联邦,liánbāng
3526,電台,电台,diàntái
3527,講座,讲座,jiǎngzuò
3528,貓,猫,māo
3529,新興,新兴,xīnxīng
3530,演講,演讲,yǎnjiǎng
3531,台電,台电,táidiàn
3532,曰,曰,yuē
3533,選民,选民,xuǎnmín
3534,充份,充份,chōngfèn
3535,俱樂部,俱乐部,jùlèbù
3536,錦標賽,锦标赛,jǐnbiāosài
3537,始,始,shǐ
3538,門,门,mén
3539,英,英,yīng
3540,推,推,tuī
3541,拿到,拿到,nádào
3542,童年,童年,tóngnián
3543,期限,期限,qíxiàn
3544,惡化,恶化,èhuà
3545,證實,证实,zhèngshí
3546,碩士,硕士,shuòshì
3547,編輯,编辑,biānjí
3548,審核,审核,shěnhé
3549,遠,远,yuǎn
3550,分局,分局,fēnjú
3551,申報,申报,shēnbào
3552,與否,与否,yǔfǒu
3553,邁向,迈向,màixiàng
3554,總之,总之,zǒngzhī
3555,職務,职务,zhíwù
3556,延續,延续,yánxù
3557,嚇,吓,xià
3558,費率,费率,fèilù
3559,美國人,美国人,měiguórén
3560,高速,高速,gāosù
3561,商標,商标,shāngbiāo
3562,嫌,嫌,xián
3563,進修,进修,jìnxiū
3564,傳遞,传递,chuándì
3565,場合,场合,chǎnghé
3566,詩人,诗人,shīrén
3567,腰,腰,yāo
3568,傳遞,传递,chuándì
3569,股價,股价,gǔjià
3570,歌聲,歌声,gēshēng
3571,桃園,桃园,táoyuán
3572,溫馨,温馨,wēnxīn
3573,無比,无比,wúbǐ
3574,著重,着重,zhuózhòng
3575,減輕,减轻,jiǎnqīng
3576,提,提,tí
3577,意味,意味,yìwèi
3578,說不定,说不定,shuōbúdìng
3579,公民,公民,gōngmín
3580,中興,中兴,zhōngxīng
3581,移動,移动,yídòng
3582,減輕,减轻,jiǎnqīng
3583,有待,有待,yǒudài
3584,船員,船员,chuányuán
3585,中興,中兴,zhōngxīng
3586,丟,丢,diōu
3587,走路,走路,zǒulù
3588,身材,身材,shēncái
3589,好玩,好玩,hǎowán
3590,師父,师父,shīfù
3591,架,架,jià
3592,服裝,服装,fúzhuāng
3593,枚,枚,méi
3594,陳列,陈列,chénliè
3595,移動,移动,yídòng
3596,前者,前者,qiánzhě
3597,寶貴,宝贵,bǎoguì
3598,興起,兴起,xīngqǐ
3599,遭受,遭受,zāoshòu
3600,聯合,联合,liánhé
3601,興起,兴起,xīngqǐ
3602,摸,摸,mō
3603,下,下,xià
3604,邏輯,逻辑,luójí
3605,奶奶,奶奶,nǎinǎi
3606,價位,价位,jiàwèi
3607,寶貴,宝贵,bǎoguì
3608,牙齒,牙齿,yáchǐ
3609,武力,武力,wǔlì
3610,腫瘤,肿瘤,zhǒngliú
3611,題材,题材,tícái
3612,典型,典型,diǎnxíng
3613,作風,作风,zuòfēng
3614,初步,初步,chūbù
3615,胃,胃,wèi
3616,從未,从未,cóngwèi
3617,旅行社,旅行社,lǔxíngshè
3618,聊天,聊天,liáotiān
3619,執著,执着,zhízhuó
3620,鄉土,乡土,xiāngtǔ
3621,頓,顿,dùn
3622,非法,非法,fēifǎ
3623,統計,统计,tǒngjì
3624,演唱,演唱,yǎnchàng
3625,十足,十足,shízú
3626,介紹,介绍,jièshào
3627,古人,古人,gǔrén
3628,窮,穷,qióng
3629,演唱,演唱,yǎnchàng
3630,細,细,xì
3631,體力,体力,tǐlì
3632,涉嫌,涉嫌,shèxián
3633,同性戀,同性恋,tóngxìngliàn
3634,無聊,无聊,wúliáo
3635,機種,机种,jīzhǒng
3636,土,土,tǔ
3637,邊緣,边缘,biānyuán
3638,平安,平安,píngān
3639,出面,出面,chūmiàn
3640,半導體,半导体,bàndǎotǐ
3641,平安,平安,píngān
3642,工研院,工研院,gōngyányuàn
3643,燈,灯,dēng
3644,地板,地板,dìbǎn
3645,舒適,舒适,shūshì
3646,著作權,著作权,zhùzuòquán
3647,細節,细节,xìjié
3648,侵害,侵害,qīnhài
3649,好看,好看,hǎokàn
3650,立,立,lì
3651,器材,器材,qìcái
3652,地形,地形,dìxíng
3653,歡樂,欢乐,huānlè
3654,說出,说出,shuōchū
3655,陽明,阳明,yángmíng
3656,正義,正义,zhèngyì
3657,分散,分散,fēnsàn
3658,回憶,回忆,huíyì
3659,測驗,测验,cèyàn
3660,歡樂,欢乐,huānlè
3661,海報,海报,hǎibào
3662,高階,高阶,gāojiē
3663,副教授,副教授,fùjiàoshòu
3664,信念,信念,xìnniàn
3665,花費,花费,huāfèi
3666,自在,自在,zìzài
3667,刺激,刺激,cìjī
3668,技能,技能,jìnéng
3669,私立,私立,sīlì
3670,回憶,回忆,huíyì
3671,維修,维修,wéixiū
3672,壓迫,压迫,yāpò
3673,戲劇,戏剧,xìjù
3674,公佈,公佈,gōngbù
3675,廿,廿,niàn
3676,公佈,公佈,gōngbù
3677,升學,升学,shēngxué
3678,鬧,闹,nào
3679,上下,上下,shàngxià
3680,說道,说道,shuōdào
3681,升學,升学,shēngxué
3682,自有,自有,zìyǒu
3683,維修,维修,wéixiū
3684,傳,传,chuán
3685,走上,走上,zǒushàng
3686,沒辦法,没办法,méibànfǎ
3687,爬,爬,pá
3688,哪些,哪些,nǎxiē
3689,清潔,清洁,qīngjié
