Rank,Word,Pronunciation,meaning,sentence,sentence meaning,notes
1,的,de,,,,
2,我,wǒ,,,,
3,你,nǐ,,,,
4,是,shì,,,,
5,了,le,,,,
6,不,bù,,,,
7,在,zài,,,,
8,他,tā,,,,
9,我们,wǒmen,,,,
10,好,hǎo,,,,
11,有,yǒu,,,,
12,这,zhè,,,,
13,就,jiù,,,,
14,会,huì,,,,
15,吗,ma,,,,
16,要,yào,,,,
17,什么,shénme,,,,
18,说,shuō,,,,
19,她,tā,,,,
20,想,xiǎng,,,,
21,一,yī,,,,
22,很,hěn,,,,
23,知道,zhīdào,,,,
24,人,rén,,,,
25,吧,ba,,,,
26,那,nà,,,,
27,来,lái,,,,
28,都,dōu,,,,
29,个,gè,,,,
30,能,néng,,,,
31,去,qù,,,,
32,没,méi,,,,
33,和,hé,,,,
34,他们,tāmen,,,,
35,到,dào,,,,
36,对,duì,,,,
37,也,yě,,,,
38,啊,a,,,,
39,还,hái,,,,
40,把,bǎ,,,,
41,让,ràng,,,,
42,做,zuò,,,,
43,给,gěi,,,,
44,一个,yígè,,,,
45,上,shàng,,,,
46,你们,nǐmen,,,,
47,过,guò,,,,
48,没有,méiyǒu,,,,
49,得,dé,,,,
50,看,kàn,,,,
51,真,zhēn,,,,
52,着,zhe,,,,
53,事,shì,,,,
54,这个,zhège,,,,
55,怎么,zěnme,,,,
56,现在,xiànzài,,,,
57,可以,kěyǐ,,,,
58,点,diǎn,,,,
59,呢,ne,,,,
60,如果,rúguǒ,,,,
61,只,zhǐ,,,,
62,别,bié,,,,
63,哦,ó,,,,
64,但,dàn,,,,
65,被,bèi,,,,
66,走,zǒu,,,,
67,太,tài,,,,
68,这样,zhèyàng,,,,
69,里,lǐ,,,,
70,跟,gēn,,,,
71,告诉,gàosù,,,,
72,因为,yīnwèi,,,,
73,自己,zìjǐ,,,,
74,再,zài,,,,
75,听,tīng,,,,
76,这里,zhèlǐ,,,,
77,快,kuài,,,,
78,谁,shuí,,,,
79,但是,dànshì,,,,
80,多,duō,,,,
81,用,yòng,,,,
82,时候,shíhòu,,,,
83,下,xià,,,,
84,已经,yǐjīng,,,,
85,谢谢,xièxiè,,,,
86,为什么,wèishénme,,,,
87,觉得,juéde,,,,
88,天,tiān,,,,
89,像,xiàng,,,,
90,这么,zhème,,,,
91,它,tā,,,,
92,从,cóng,,,,
93,先生,xiānshēng,,,,
94,找,zhǎo,,,,
95,最,zuì,,,,
96,喜欢,xǐhuān,,,,
97,可,kě,,,,
98,为,wèi,,,,
99,大,dà,,,,
100,可能,kěnéng,,,,
101,需要,xūyào,,,,
102,是的,shìde,,,,
103,死,sǐ,,,,
104,次,cì,,,,
105,出,chū,,,,
106,那么,nàme,,,,
107,干,gàn,,,,
108,那个,nàge,,,,
109,嘿,hēi,,,,
110,们,men,,,,
111,话,huà,,,,
112,而,ér,,,,
113,么,me,,,,
114,东西,dōngxī,,,,
115,应该,yīnggāi,,,,
116,孩子,háizi,,,,
117,起来,qǐlái,,,,
118,所以,suǒyǐ,,,,
119,这些,zhèxiē,,,,
120,才,cái,,,,
121,两,liǎng,,,,
122,错,cuò,,,,
123,还有,háiyǒu,,,,
124,又,yòu,,,,
125,小,xiǎo,,,,
126,中,zhōng,,,,
127,叫,jiào,,,,
128,嗯,ń,,,,
129,该,gāi,,,,
130,等,děng,,,,
131,问题,wèntí,,,,
132,一起,yìqǐ,,,,
133,拿,ná,,,,
134,更,gèng,,,,
135,开始,kāishǐ,,,,
136,帮,bāng,,,,
137,打,dǎ,,,,
138,爱,ài,,,,
139,带,dài,,,,
140,时间,shíjiān,,,,
141,年,nián,,,,
142,请,qǐng,,,,
143,回,huí,,,,
144,工作,gōngzuò,,,,
145,然后,ránhòu,,,,
146,当,dāng,,,,
147,见,jiàn,,,,
148,钱,qián,,,,
149,噢,ō,,,,
150,一样,yīyàng,,,,
151,事情,shìqíng,matter; thing (to do),我们有很多事情。,We have a lot of things to do.,
152,就是,jiùshì,exactly; precisely; just (is),这就是问题。,This is exactly the problem.,
153,吃,chī,to eat,我们一起吃吧。,Let's eat together.,
154,所有,suǒyǒu,all; every,所有的人都来了。,Everyone has arrived.,"Placed before a noun, usually with 的: 所有的人 (suǒyǒu de rén) “all the people.”"
155,开,kāi,open; start; turn on; drive,我们开吧。,Let's start.,Object decides the sense: 开门 (kāi mén) “open [a door]”; 开车 (kāi chē) “drive”; 开灯 (kāi dēng) “turn on [a light].”
156,一下,yīxià,a bit; briefly; once,你看一下。,Have a quick look.,Placed after a verb to mark a brief/softened action: 看一下 (kàn yīxià) “take a quick look.”
157,家,jiā,home; family,我在家。,I am at home.,
158,非常,fēicháng,very; extremely,我非常喜欢你。,I like you very much.,Stronger than 很 (hěn); both go before adjectives or verbs like 喜欢 (xǐhuān).
159,看到,kàndào,to see; catch sight of,我看到他了。,I saw him.,到 after 看 marks successful perception. With 不/没: 看不到 (kàn bù dào) “can’t see”; 没看到 (méi kàndào) “didn’t see.”
160,希望,xīwàng,to hope; hope,我希望你来。,I hope you come.,Can be a verb or a noun: 有希望 (yǒu xīwàng) “there is hope.”
161,那些,nàxiē,those,那些东西很小。,Those things are small.,
162,哪,nǎ,which,你要哪一个？,Which one do you want?,
163,当然,dāngrán,of course,当然可以。,Of course.,
164,也许,yěxǔ,maybe,也许他现在不在这里。,Maybe he isn’t here now.,
165,行,xíng,OK; be fine; work,这样行吗？,Is this OK?,"Casual “OK/works” for acceptability. Different from 可以 (kěyǐ, permission) and 能 (néng, ability)."
166,朋友,péngyǒu,friend,我们是朋友。,We are friends.,
167,妈妈,māmā,mom,我妈妈在家。,My mom is at home.,
168,相信,xiāngxìn,believe; trust,我相信你。,I believe you.,
169,前,qián,front; before; earlier,前一天我们见了他。,"The day before, we saw him.","Before a time word/measure, 前 means “previous, earlier” — e.g. 前一天 (qián yì tiān) “the day before.” As a location noun after 在, it means “in front” — e.g. 他在前 (tā zài qián) “he is in front.”"
170,嗨,hāi,hi,嗨，你来了！,"Hi, you’re here!",
171,认为,rènwéi,to think (be of the opinion),我认为这个问题不大。,I think this isn’t a big problem.,More reasoned/formal than 觉得 (juéde) “to feel/think” in everyday talk.
172,将,jiāng,will; to take (formal),我们将一起去。,We will go together.,"Before a verb, 将 (jiāng) marks future or planned action. In formal style it can mean “to take” in a disposal pattern — e.g., 将它拿走 (jiāng tā ná zǒu) “take it away.” Also read jiàng, meaning “general (military rank)” — e.g., 上将 (shàngjiàng) “general.”"
173,这儿,zhèér,here,你在这儿吗？,Are you here?,Colloquial for “here”; 这里 (zhèlǐ) is slightly more formal/neutral. Both mean the same.
174,今天,jīntiān,today,今天我没有时间。,I don’t have time today.,
175,明白,míngbái,to understand; clear,我现在明白了。,I understand now.,
176,一直,yìzhí,continuously; all along,我一直在这里等你。,I’ve been waiting here for you the whole time.,"As a direction with a motion verb, 一直 means “straight (ahead)” — e.g., 一直走 (yìzhí zǒu) “go straight ahead.”"
177,看看,kànkàn,have a look; try looking,你来看看这个。,Come take a look at this.,Reduplicated verbs (V-V) mean “do briefly/try” and soften tone — 看看 (kànkan) “have a quick look.”
178,车,chē,vehicle; car,我们有车。,We have a car.,
179,时,shí,when; time (lit.),我到家时，我跟你说。,"When I get home, I’ll tell you.","Placed after a clause, 时 (shí) means “when” in a somewhat formal style — e.g., 我到家时 (wǒ dào jiā shí) “when I get home.” 时候 (shíhòu) is the more common spoken form."
180,杀,shā,to kill,他被杀了。,He was killed.,
181,地方,dìfāng,,,,
182,不过,bùguò,,,,
183,呃,è,,,,
184,发生,fāshēng,,,,
185,几,jǐ,,,,
186,回来,huílái,,,,
187,准备,zhǔnbèi,,,,
188,找到,zhǎodào,,,,
189,后,hòu,,,,
190,爸爸,bàbà,,,,
191,一切,yīqiè,,,,
192,抱歉,bàoqiàn,,,,
193,比,bǐ,,,,
194,感觉,gǎnjué,,,,
195,些,xiē,,,,
196,只是,zhǐshì,,,,
197,怎么样,zěnmeyàng,,,,
198,出来,chūlái,,,,
199,不要,búyào,,,,
200,对不起,duìbùqǐ,,,,
201,问,wèn,,,,
202,离开,líkāi,,,,
203,一点,yìdiǎn,,,,
204,一定,yídìng,,,,
205,起,qǐ,,,,
206,还是,háishì,,,,
207,发现,fāxiàn,,,,
208,所,suǒ,,,,
209,住,zhù,,,,
210,件,jiàn,,,,
211,正,zhèng,,,,
212,而且,érqiě,,,,
213,并,bìng,,,,
214,必须,bìxū,,,,
215,意思,yìsi,,,,
216,放,fàng,,,,
217,不错,bùcuò,,,,
218,肯定,kěndìng,,,,
219,电话,diànhuà,,,,
220,为了,wèile,,,,
221,搞,gǎo,,,,
222,棒,bàng,,,,
223,第一,dìyī,,,,
224,妈,mā,,,,
225,地,dì,,,,
226,进,jìn,,,,
227,那样,nàyàng,,,,
228,大家,dàjiā,,,,
229,新,xīn,,,,
230,您,nín,,,,
231,向,xiàng,,,,
232,一些,yīxiē,,,,
233,三,sān,,,,
234,那里,nàlǐ,,,,
235,以为,yǐwéi,,,,
236,高兴,gāoxìng,,,,
237,嘛,ma,,,,
238,老,lǎo,,,,
239,位,wèi,,,,
240,过来,guòlái,,,,
241,掉,diào,,,,
242,先,xiān,,,,
243,等等,děngděng,,,,
244,生活,shēnghuó,,,,
245,之,zhī,,,,
246,买,mǎi,,,,
247,种,zhǒng,,,,
248,医生,yīshēng,,,,
249,最后,zuìhòu,,,,
250,之前,zhīqián,,,,
251,伙计,huǒjì,,,,
252,手,shǒu,,,,
253,任何,rènhé,,,,
254,很多,hěnduō,,,,
255,哪儿,nǎér,,,,
256,这种,zhèzhǒng,,,,
257,上帝,shàngdì,,,,
258,女人,nǚrén,,,,
259,名字,míngzì,,,,
260,认识,rènshí,,,,
261,坐,zuò,,,,
262,今晚,jīnwǎn,,,,
263,其他,qítā,,,,
264,喝,hē,,,,
265,记得,jìde,,,,
266,家伙,jiāhuo,,,,
267,与,yǔ,,,,
268,或者,huòzhě,,,,
269,写,xiě,,,,
270,穿,chuān,,,,
271,弄,nòng,,,,
272,过去,guòqù,,,,
273,哪里,nǎlǐ,,,,
274,啦,la,,,,
275,却,què,,,,
276,算,suàn,,,,
277,担心,dānxīn,,,,
278,继续,jìxù,,,,
279,送,sòng,,,,
280,女孩,nǚhái,,,,
281,以,yǐ,,,,
282,玩,wán,,,,
283,亲爱,qīnài,,,,
284,下来,xiàlái,,,,
285,成,chéng,,,,
286,条,tiáo,,,,
287,够,gòu,,,,
288,父亲,fùqīn,,,,
289,以前,yǐqián,,,,
290,跑,pǎo,,,,
291,月,yuè,,,,
292,早,zǎo,,,,
293,美国,měiguó,,,,
294,长,zhǎng,,,,
295,完全,wánquán,,,,
296,宝贝,bǎobèi,,,,
297,号,hào,,,,
298,枪,qiāng,,,,
299,狗,gǒu,,,,
300,可是,kěshì,,,,
301,世界,shìjiè,,,,
302,小时,xiǎoshí,,,,
303,重要,zhòngyào,,,,
304,谈,tán,,,,
305,别人,biérén,,,,
306,男人,nánrén,,,,
307,头,tóu,,,,
308,机会,jīhuì,,,,
309,岁,suì,,,,
310,出去,chūqù,,,,
311,活,huó,,,,
312,看见,kànjiàn,,,,
313,者,zhě,,,,
314,打电话,dǎdiànhuà,,,,
315,喂,wèi,,,,
316,好像,hǎoxiàng,,,,
317,得到,dédào,,,,
318,警察,jǐngchá,,,,
319,完,wán,,,,
320,张,zhāng,,,,
321,儿子,érzi,,,,
322,之后,zhīhòu,,,,
323,漂亮,piàoliàng,,,,
324,分钟,fēnzhōng,,,,
325,接,jiē,,,,
326,场,chǎng,,,,
327,再见,zàijiàn,,,,
328,求,qiú,,,,
329,刚,gāng,,,,
330,如何,rúhé,,,,
331,比赛,bǐsài,,,,
332,呀,ya,,,,
333,情况,qíngkuàng,,,,
334,变,biàn,,,,
335,关系,guānxì,,,,
336,真是,zhēnshì,,,,
337,女士,nǚshì,,,,
338,本,běn,,,,
339,马上,mǎshàng,,,,
340,决定,juédìng,,,,
341,见到,jiàndào,,,,
342,根本,gēnběn,,,,
343,关于,guānyú,,,,
344,那儿,nàér,,,,
345,难,nán,,,,
346,只要,zhǐyào,,,,
347,里面,lǐmiàn,,,,
348,每,měi,,,,
349,份,fèn,,,,
350,到底,dàodǐ,,,,
351,了解,liǎojiě,,,,
352,明天,míngtiān,,,,
353,站,zhàn,,,,
354,结束,jiéshù,,,,
355,公司,gōngsī,,,,
356,成为,chéngwéi,,,,
357,永远,yǒngyuǎn,,,,
358,帮助,bāngzhù,,,,
359,来说,láishuō,,,,
360,多少,duōshǎo,,,,
361,哇,wa,,,,
362,名,míng,,,,
363,它们,tāmen,,,,
364,总,zǒng,,,,
365,确定,quèdìng,,,,
366,有人,yǒurén,,,,
367,清楚,qīngchǔ,,,,
368,晚上,wǎnshàng,,,,
369,安全,ānquán,,,,
370,怎样,zěnyàng,,,,
371,没什么,méishénme,,,,
372,块,kuài,,,,
373,回家,huíjiā,,,,
374,留,liú,,,,
375,周,zhōu,,,,
376,愿意,yuànyì,,,,
377,计划,jìhuà,,,,
378,爸,bà,,,,
379,俩,liǎ,,,,
380,停,tíng,,,,
381,不能,bùnéng,,,,
382,他妈的,tāmāde,,,,
383,说话,shuōhuà,,,,
384,另,lìng,,,,
385,心,xīn,,,,
386,花,huā,,,,
387,她们,tāmen,,,,
388,有些,yǒuxiē,,,,
389,门,mén,,,,
390,感谢,gǎnxiè,,,,
391,谈谈,tántán,,,,
392,定,dìng,,,,
393,于,yú,,,,
394,以后,yǐhòu,,,,
395,管,guǎn,,,,
396,照片,zhàopiān,,,,
397,每个,měigè,,,,
398,欢迎,huānyíng,,,,
399,敢,gǎn,,,,
400,兄弟,xiōngdì,,,,
401,从来,cónglái,,,,
402,总是,zǒngshì,,,,
403,嘴,zuǐ,,,,
404,跳,tiào,,,,
405,拜托,bàituō,,,,
406,女儿,nǚér,,,,
407,抓,zhuā,,,,
408,小姐,xiǎojiě,,,,
409,动,dòng,,,,
410,赢,yíng,,,,
411,消息,xiāoxī,,,,
412,女,nǚ,,,,
413,忙,máng,,,,
414,或许,huòxǔ,,,,
415,如此,rúcǐ,,,,
416,队,duì,,,,
417,无法,wúfǎ,,,,
418,房子,fángzi,,,,
419,拉,lā,,,,
420,衣服,yīfú,,,,
421,听说,tīngshuō,,,,
422,救,jiù,,,,
423,参加,cānjiā,,,,
424,办法,bànfǎ,,,,
425,睡,shuì,,,,
426,唯一,wéiyī,,,,
427,回去,huíqù,,,,
428,人们,rénmen,,,,
429,晚,wǎn,,,,
430,该死,gāisǐ,,,,
431,闭,bì,,,,
432,选择,xuǎnzé,,,,
433,坏,huài,,,,
434,原因,yuányīn,,,,
435,下去,xiàqù,,,,
436,受,shòu,,,,
437,连,lián,,,,
438,好好,hǎohǎo,,,,
439,全,quán,,,,
440,确实,quèshí,,,,
441,挺,tǐng,,,,
442,此,cǐ,,,,
443,水,shuǐ,,,,
444,混蛋,hùndàn,,,,
445,杯,bēi,,,,
446,保证,bǎozhèng,,,,
447,学校,xuéxiào,,,,
448,卖,mài,,,,
449,信,xìn,,,,
450,接受,jiēshòu,,,,
451,改变,gǎibiàn,,,,
452,舞,wǔ,,,,
453,看来,kànlái,,,,
454,高,gāo,,,,
455,麻烦,máfán,,,,
456,出现,chūxiàn,,,,
457,打算,dǎsuàn,,,,
458,电影,diànyǐng,,,,
459,试,shì,,,,
460,身上,shēnshàng,,,,
461,房间,fángjiān,,,,
462,美,měi,,,,
463,不管,bùguǎn,,,,
464,书,shū,,,,
465,特别,tèbié,,,,
466,注意,zhùyì,,,,
467,球,qiú,,,,
468,查,chá,,,,
469,忘,wàng,,,,
470,甚至,shènzhì,,,,
471,保护,bǎohù,,,,
472,真正,zhēnzhèng,,,,
473,结果,jiéguǒ,,,,
474,表现,biǎoxiàn,,,,
475,拍,pāi,,,,
476,其实,qíshí,,,,
477,小心,xiǎoxīn,,,,
478,进来,jìnlái,,,,
479,路,lù,,,,
480,呆,dāi,,,,
481,四,sì,,,,
482,久,jiǔ,,,,
483,当时,dāngshí,,,,
484,或,huò,,,,
485,懂,dǒng,,,,
486,只有,zhǐyǒu,,,,
487,怎么办,zěnmebàn,,,,
488,第,dì,,,,
489,马,mǎ,,,,
490,讲,jiǎng,,,,
491,绝对,juéduì,,,,
492,长官,zhǎngguān,,,,
493,员,yuán,,,,
494,进去,jìnqù,,,,
495,至少,zhìshǎo,,,,
496,律师,lǜshī,,,,
497,喔,ō,,,,
498,整个,zhěnggè,,,,
499,听到,tīngdào,,,,
500,表演,biǎoyǎn,,,,
501,正在,zhèngzài,,,,
502,无,wú,,,,
503,已,yǐ,,,,
504,笑,xiào,,,,
505,选,xuǎn,,,,
506,感到,gǎndào,,,,
507,那边,nàbiān,,,,
508,远,yuǎn,,,,
509,儿,ér,,,,
510,故事,gùshì,,,,
511,疯,fēng,,,,
512,换,huàn,,,,
513,结婚,jiéhūn,,,,
514,猜,cāi,,,,
515,咱们,zánmen,,,,
516,床,chuáng,,,,
517,处理,chǔlǐ,,,,
518,妻子,qīzǐ,,,,
519,进行,jìnxíng,,,,
520,内,nèi,,,,
521,是否,shìfǒu,,,,
522,段,duàn,,,,
523,令,lìng,,,,
524,刚刚,gānggāng,,,,
525,案子,ànzi,,,,
526,行动,xíngdòng,,,,
527,第二,dìèr,,,,
528,努力,nǔlì,,,,
529,害怕,hàipà,,,,
530,酒,jiǔ,,,,
531,发,fā,,,,
532,调查,diàochá,,,,
533,失去,shīqù,,,,
534,歌,gē,,,,
535,成功,chénggōng,,,,
536,唱,chàng,,,,
537,考虑,kǎolǜ,,,,
538,刚才,gāngcái,,,,
539,约会,yuēhuì,,,,
540,节目,jiémù,,,,
541,通过,tōngguò,,,,
542,之间,zhījiān,,,,
543,别的,biéde,,,,
544,学,xué,,,,
545,开心,kāixīn,,,,
546,母亲,mǔqīn,,,,
547,辆,liàng,,,,
548,主意,zhǔyì,,,,
549,探,tàn,,,,
550,丈夫,zhàngfū,,,,
551,待,dài,,,,
552,变成,biànchéng,,,,
553,倒,dào,,,,
554,离,lí,,,,
555,解释,jiěshì,,,,
556,往,wǎng,,,,
557,万,wàn,,,,
558,联系,liánxì,,,,
559,派,pài,,,,
560,关,guān,,,,
561,证明,zhèngmíng,,,,
562,句,jù,,,,
563,五,wǔ,,,,
564,生命,shēngmìng,,,,
565,有点,yǒudiǎn,,,,
566,靠,kào,,,,
567,解决,jiějué,,,,
568,办公室,bàngōngshì,,,,
569,难道,nándào,,,,
570,作为,zuòwéi,,,,
571,奇怪,qíguài,,,,
572,生,shēng,,,,
573,由,yóu,,,,
574,男,nán,,,,
575,极了,jíle,,,,
576,同意,tóngyì,,,,
577,如,rú,,,,
578,游戏,yóuxì,,,,
579,帮忙,bāngmáng,,,,
580,指,zhǐ,,,,
581,危险,wēixiǎn,,,,
582,讨厌,tǎoyàn,,,,
583,曾经,céngjīng,,,,
584,眼睛,yǎnjīng,,,,
585,外面,wàimiàn,,,,
586,处,chù,,,,
587,国家,guójiā,,,,
588,看上去,kànshàngqù,,,,
589,总统,zǒngtǒng,,,,
590,间,jiān,,,,
591,伤害,shānghài,,,,
592,控制,kòngzhì,,,,
593,最近,zuìjìn,,,,
594,声音,shēngyīn,,,,
595,糟,zāo,,,,
596,快乐,kuàilè,,,,
597,偷,tōu,,,,
598,首,shǒu,,,,
599,可爱,kěài,,,,
600,进入,jìnrù,,,,
601,能够,nénggòu,,,,
602,事实上,shìshíshàng,,,,
603,哈,hā,,,,
604,醒,xǐng,,,,
605,分,fēn,,,,
606,完成,wánchéng,,,,
607,部,bù,,,,
608,昨晚,zuówǎn,,,,
609,同,tóng,,,,
610,医院,yīyuàn,,,,
611,不行,bùxíng,,,,
612,半,bàn,,,,
613,而已,éryǐ,,,,
614,上面,shàngmiàn,,,,
615,样子,yàngzi,,,,
616,少,shǎo,,,,
617,有趣,yǒuqù,,,,
618,提,tí,,,,
619,没关系,méiguānxì,,,,
620,斯,sī,,,,
621,杰克,jiékè,,,,
622,真的,zhēnde,,,,
623,部分,bùfèn,,,,
624,要求,yāoqiú,,,,
625,糟糕,zāogāo,,,,
626,除了,chúle,,,,
627,容易,róngyì,,,,
628,保持,bǎochí,,,,
629,虽然,suīrán,,,,
630,办,bàn,,,,
631,教,jiào,,,,
632,想到,xiǎngdào,,,,
633,理解,lǐjiě,,,,
634,证据,zhèngjù,,,,
635,加,jiā,,,,
636,脸,liǎn,,,,
637,简单,jiǎndān,,,,
638,不同,bùtóng,,,,
639,夫人,fūrén,,,,
640,父母,fùmǔ,,,,
641,重,zhòng,,,,
642,恩,ēn,,,,
643,曾,céng,,,,
644,事实,shìshí,,,,
645,飞机,fēijī,,,,
646,家庭,jiātíng,,,,
647,象,xiàng,,,,
648,装,zhuāng,,,,
649,秘密,mìmì,,,,
650,法,fǎ,,,,
651,尸体,shītǐ,,,,
652,打开,dǎkāi,,,,
653,季,jì,,,,
654,检查,jiǎnchá,,,,
655,早上,zǎoshàng,,,,
656,玩笑,wánxiào,,,,
657,任务,rènwù,,,,
658,现场,xiànchǎng,,,,
659,使,shǐ,,,,
660,转,zhuǎn,,,,
661,博士,bóshì,,,,
662,直到,zhídào,,,,
663,紧张,jǐnzhāng,,,,
664,二,èr,,,,
665,简直,jiǎnzhí,,,,
666,放弃,fàngqì,,,,
667,小子,xiǎozi,,,,
668,电视,diànshì,,,,
669,强,qiáng,,,,
670,不好意思,bùhǎoyìsī,,,,
671,大概,dàgài,,,,
672,的确,díquè,,,,
673,特,tè,,,,
674,药,yào,,,,
675,回到,huídào,,,,
676,男孩,nánhái,,,,
677,音乐,yīnyuè,,,,
678,身体,shēntǐ,,,,
679,血,xuè,,,,
680,留下,liúxià,,,,
681,方式,fāngshì,,,,
682,伤,shāng,,,,
683,怪,guài,,,,
684,美元,měiyuán,,,,
685,监狱,jiānyù,,,,
686,读,dú,,,,
687,这边,zhèbiān,,,,
688,重新,chóngxīn,,,,
689,瞧,qiáo,,,,
690,疯狂,fēngkuáng,,,,
691,收到,shōudào,,,,
692,其中,qízhōng,,,,
693,片,piàn,,,,
694,想法,xiǎngfǎ,,,,
695,纽约,niǔyuē,,,,
696,家里,jiālǐ,,,,
697,黑,hēi,,,,
698,身,shēn,,,,
699,还要,háiyào,,,,
700,作,zuò,,,,
701,后面,hòumiàn,,,,
702,性,xìng,,,,
703,带来,dàilái,,,,
704,昨天,zuótiān,,,,
705,不好,bùhǎo,,,,
706,抓住,zhuāzhù,,,,
707,记录,jìlù,,,,
708,点儿,diǎnér,,,,
709,老兄,lǎoxiōng,,,,
710,来自,láizì,,,,
711,越,yuè,,,,
712,大学,dàxué,,,,
713,照顾,zhàogù,,,,
714,太太,tàitài,,,,
715,聪明,cōngmíng,,,,
716,本来,běnlái,,,,
717,加油,jiāyóu,,,,
718,实际上,shíjìshàng,,,,
719,甜,tián,,,,
720,怕,pà,,,,
721,多久,duōjiǔ,,,,
722,并且,bìngqiě,,,,
723,直接,zhíjiē,,,,
724,对于,duìyú,,,,
725,记,jì,,,,
726,突然,tūrán,,,,
727,啥,shá,,,,
728,开枪,kāiqiāng,,,,
729,声,shēng,,,,
730,除非,chúfēi,,,,
731,集,jí,,,,
732,店,diàn,,,,
733,酷,kù,,,,
734,正常,zhèngcháng,,,,
735,死亡,sǐwáng,,,,
736,终于,zhōngyú,,,,
737,拥有,yōngyǒu,,,,
738,警,jǐng,,,,
739,船,chuán,,,,
740,付,fù,,,,
741,派对,pàiduì,,,,
742,遍,biàn,,,,
743,步,bù,,,,
744,不再,bùzài,,,,
745,鬼,guǐ,,,,
746,咖啡,kāfēi,,,,
747,傻,shǎ,,,,
748,阻止,zǔzhǐ,,,,
749,想象,xiǎngxiàng,,,,
750,冷静,lěngjìng,,,,
751,方法,fāngfǎ,,,,
752,犯,fàn,,,,
753,扔,rēng,,,,
754,祝,zhù,,,,
755,能力,nénglì,,,,
756,完美,wánměi,,,,
757,克,kè,,,,
758,口,kǒu,,,,
759,目标,mùbiāo,,,,
760,耶,yé,,,,
761,日,rì,,,,
762,有关,yǒuguān,,,,
763,精神,jīngshén,,,,
764,另外,lìngwài,,,,
765,放松,fàngsōng,,,,
766,丢,diū,,,,
767,休息,xiūxī,,,,
768,每天,měitiān,,,,
769,回答,huídá,,,,
770,凶手,xiōngshǒu,,,,
771,负责,fùzé,,,,
772,命,mìng,,,,
773,外,wài,,,,
774,碰,pèng,,,,
775,介意,jièyì,,,,
776,梦,mèng,,,,
777,试试,shìshì,,,,
778,那天,nàtiān,,,,
779,系统,xìtǒng,,,,
780,睡觉,shuìjiào,,,,
781,滚,gǔn,,,,
782,谋杀,móushā,,,,
783,礼物,lǐwù,,,,
784,那种,nàzhǒng,,,,
785,戴,dài,,,,
786,各位,gèwèi,,,,
787,错误,cuòwù,,,,
788,子,zi,,,,
789,随便,suíbiàn,,,,
790,头发,tóufà,,,,
791,藏,cáng,,,,
792,关心,guānxīn,,,,
793,底,dǐ,,,,
794,干吗,gànmá,,,,
795,兴趣,xìngqù,,,,
796,情,qíng,,,,
797,报告,bàogào,,,,
798,从没,cóngméi,,,,
799,替,tì,,,,
800,面,miàn,,,,
801,经历,jīnglì,,,,
802,六,liù,,,,
803,飞,fēi,,,,
804,老师,lǎoshī,,,,
805,气,qì,,,,
806,不用,bùyòng,,,,
807,小孩,xiǎohái,,,,
808,人类,rénlèi,,,,
809,冲,chōng,,,,
810,自由,zìyóu,,,,
811,支持,zhīchí,,,,
812,星期,xīngqī,,,,
813,脚,jiǎo,,,,
814,很快,hěnkuài,,,,
815,毁,huǐ,,,,
816,生气,shēngqì,,,,
817,建议,jiànyì,,,,
818,做到,zuòdào,,,,
819,套,tào,,,,
820,哭,kū,,,,
821,屁股,pìgǔ,,,,
822,生日,shēngrì,,,,
823,晚安,wǎnān,,,,
824,否则,fǒuzé,,,,
825,画,huà,,,,
826,病,bìng,,,,
827,线,xiàn,,,,
828,光,guāng,,,,
829,安排,ānpái,,,,
830,神,shén,,,,
831,年轻,niánqīng,,,,
832,操,cāo,,,,
833,下面,xiàmiàn,,,,
834,姑娘,gūniáng,,,,
835,道,dào,,,,
836,按,àn,,,,
837,钥匙,yàoshi,,,,
838,法官,fǎguān,,,,
839,包,bāo,,,,
840,腿,tuǐ,,,,
841,自,zì,,,,
842,选手,xuǎnshǒu,,,,
843,信息,xìnxī,,,,
844,整,zhěng,,,,
845,投票,tóupiào,,,,
846,哥哥,gēgē,,,,
847,手术,shǒushù,,,,
848,必要,bìyào,,,,
849,身边,shēnbiān,,,,
850,知,zhī,,,,
851,任何人,rènhérén,,,,
852,票,piào,,,,
853,撒谎,sāhuǎng,,,,
854,武器,wǔqì,,,,
855,痛苦,tòngkǔ,,,,
856,全部,quánbù,,,,
857,手机,shǒujī,,,,
858,忘记,wàngjì,,,,
859,存在,cúnzài,,,,
860,首先,shǒuxiān,,,,
861,组,zǔ,,,,
862,照,zhào,,,,
863,交,jiāo,,,,
864,以及,yǐjí,,,,
865,十,shí,,,,
866,台,tái,,,,
867,搬,bān,,,,
868,个人,gèrén,,,,
869,代表,dàibiǎo,,,,
870,坚持,jiānchí,,,,
871,意义,yìyì,,,,
872,楼,lóu,,,,
873,承认,chéngrèn,,,,
874,发誓,fāshì,,,,
875,理由,lǐyóu,,,,
876,显然,xiǎnrán,,,,
877,局,jú,,,,
878,政府,zhèngfǔ,,,,
879,这次,zhècì,,,,
880,生意,shēngyì,,,,
881,眼,yǎn,,,,
882,火,huǒ,,,,
883,遇到,yùdào,,,,
884,猫,māo,,,,
885,即使,jíshǐ,,,,
886,记住,jìzhù,,,,
887,到处,dàochù,,,,
888,幸运,xìngyùn,,,,
889,卡,kǎ,,,,
890,洗,xǐ,,,,
891,那时,nàshí,,,,
892,干什么,gànshénme,,,,
893,事儿,shìér,,,,
894,混,hùn,,,,
895,犯罪,fànzuì,,,,
896,挂,guà,,,,
897,跳舞,tiàowǔ,,,,
898,白痴,báichī,,,,
899,信任,xìnrèn,,,,
900,新闻,xīnwén,,,,
901,未来,wèilái,,,,
902,道歉,dàoqiàn,,,,
903,可怜,kělián,,,,
904,实在,shízài,,,,
905,骗,piàn,,,,
906,加入,jiārù,,,,
907,病人,bìngrén,,,,
908,案,àn,,,,
909,根,gēn,,,,
910,吓,xià,,,,
911,治疗,zhìliáo,,,,
912,原谅,yuánliàng,,,,
913,行为,xíngwéi,,,,
914,比较,bǐjiào,,,,
915,边,biān,,,,
916,双,shuāng,,,,
917,婚礼,hūnlǐ,,,,
918,弟弟,dìdi,,,,
919,组织,zǔzhī,,,,
920,想想,xiǎngxiǎng,,,,
921,见面,jiànmiàn,,,,
922,经常,jīngcháng,,,,
923,城市,chéngshì,,,,
924,老板,lǎobǎn,,,,
925,合作,hézuò,,,,
926,来到,láidào,,,,
927,一会儿,yīhuìer,,,,
928,乱,luàn,,,,
929,词,cí,,,,
930,尔,ěr,,,,
931,超,chāo,,,,
932,差不多,chàbuduō,,,,
933,支,zhī,,,,
934,老婆,lǎopó,,,,
935,中心,zhōngxīn,,,,
936,可怕,kěpà,,,,
937,笔,bǐ,,,,
938,满,mǎn,,,,
939,假,jiǎ,,,,
940,明显,míngxiǎn,,,,
941,研究,yánjiū,,,,
942,意识,yìshí,,,,
943,附近,fùjìn,,,,
944,同性恋,tóngxìngliàn,,,,
945,打扰,dǎrǎo,,,,
946,好运,hǎoyùn,,,,
947,线索,xiànsuǒ,,,,
948,面前,miànqián,,,,
949,消失,xiāoshī,,,,
950,妹妹,mèimèi,,,,
951,正确,zhèngquè,,,,
952,位置,wèizhì,,,,
953,答应,dāyìng,,,,
954,收,shōu,,,,
955,砸,zá,,,,
956,街,jiē,,,,
957,电脑,diànnǎo,,,,
958,区,qū,,,,
959,撞,zhuàng,,,,
960,借,jiè,,,,
961,秒,miǎo,,,,
962,似乎,sìhū,,,,
963,放下,fàngxià,,,,
964,力量,lìliàng,,,,
965,命令,mìnglìng,,,,
966,同时,tóngshí,,,,
967,提供,tígōng,,,,
968,威胁,wēixié,,,,
969,输,shū,,,,
970,号码,hàomǎ,,,,
971,日子,rìzi,,,,
972,座,zuò,,,,
973,比如,bǐrú,,,,
974,哪个,nǎge,,,,
975,剩下,shèngxià,,,,
976,严重,yánzhòng,,,,
977,感,gǎn,,,,
978,享受,xiǎngshòu,,,,
979,战争,zhànzhēng,,,,
980,恭喜,gōngxǐ,,,,
981,杀死,shāsǐ,,,,
982,其,qí,,,,
983,影响,yǐngxiǎng,,,,
984,利用,lìyòng,,,,
985,恨,hèn,,,,
986,杀人,shārén,,,,
987,脱,tuō,,,,
988,陪,péi,,,,
989,失踪,shīzōng,,,,
990,认真,rènzhēn,,,,
991,真相,zhēnxiàng,,,,
992,法律,fǎlǜ,,,,
993,训练,xùnliàn,,,,
994,米,mǐ,,,,
995,值得,zhíde,,,,
996,阿,ā,,,,
997,主,zhǔ,,,,
998,有意思,yǒuyìsi,,,,
999,热,rè,,,,
1000,使用,shǐyòng,,,,
1001,差,chà,,,,
1002,方面,fāngmiàn,,,,
1003,银行,yínháng,,,,
1004,恐怖,kǒngbù,,,,
1005,尽,jǐn,,,,
1006,原来,yuánlái,,,,
1007,警官,jǐngguān,,,,
1008,性感,xìnggǎn,,,,
1009,自杀,zìshā,,,,
1010,酒吧,jiǔbā,,,,
1011,讨论,tǎolùn,,,,
1012,同样,tóngyàng,,,,
1013,身份,shēnfèn,,,,
1014,说明,shuōmíng,,,,
1015,什么样,shénmeyàng,,,,
1016,安静,ānjìng,,,,
1017,岛,dǎo,,,,
1018,模特,mótè,,,,
1019,多么,duōme,,,,
1020,足够,zúgòu,,,,
1021,饿,è,,,,
1022,学生,xuéshēng,,,,
1023,红,hóng,,,,
1024,鸡,jī,,,,
1025,养,yǎng,,,,
1026,下午,xiàwǔ,,,,
1027,仍然,réngrán,,,,
1028,一旦,yídàn,,,,
1029,追,zhuī,,,,
1030,动作,dòngzuò,,,,
1031,谢,xiè,,,,
1032,意味着,yìwèizhe,,,,
1033,受到,shòudào,,,,
1034,群,qún,,,,
1035,之一,zhīyī,,,,
1036,因,yīn,,,,
1037,约,yuē,,,,
1038,第三,dìsān,,,,
1039,赶,gǎn,,,,
1040,面对,miànduì,,,,
1041,怀疑,huáiyí,,,,
1042,慢,màn,,,,
1043,居然,jūrán,,,,
1044,就要,jiùyào,,,,
1045,拒绝,jùjué,,,,
1046,家人,jiārén,,,,
1047,雷,léi,,,,
1048,演员,yǎnyuán,,,,
1049,烧,shāo,,,,
1050,真实,zhēnshí,,,,
1051,交易,jiāoyì,,,,
1052,破,pò,,,,
1053,停止,tíngzhǐ,,,,
1054,人生,rénshēng,,,,
1055,清,qīng,,,,
1056,因此,yīncǐ,,,,
1057,恶心,ěxīn,,,,
1058,受伤,shòushāng,,,,
1059,夜,yè,,,,
1060,婊子,biǎozi,,,,
1061,属于,shǔyú,,,,
1062,舞蹈,wǔdǎo,,,,
1063,根据,gēnjù,,,,
1064,几乎,jīhū,,,,
1065,算是,suànshì,,,,
1066,演,yǎn,,,,
1067,尼,ní,,,,
1068,答案,dáàn,,,,
1069,出色,chūsè,,,,
1070,目前,mùqián,,,,
1071,活动,huódòng,,,,
1072,锁,suǒ,,,,
1073,梦想,mèngxiǎng,,,,
1074,最终,zuìzhōng,,,,
1075,大人,dàrén,,,,
1076,再次,zàicì,,,,
1077,既然,jìrán,,,,
1078,人员,rényuán,,,,
1079,英雄,yīngxióng,,,,
1080,坐下,zuòxià,,,,
1081,感受,gǎnshòu,,,,
1082,副,fù,,,,
1083,事件,shìjiàn,,,,
1084,吻,wěn,,,,
1085,罪,zuì,,,,
1086,逃,táo,,,,
1087,通知,tōngzhī,,,,
1088,不得不,bùdébù,,,,
1089,无论,wúlùn,,,,
1090,放开,fàngkāi,,,,
1091,刀,dāo,,,,
1092,后来,hòulái,,,,
1093,愿,yuàn,,,,
1094,适合,shìhé,,,,
1095,允许,yǔnxǔ,,,,
1096,失望,shīwàng,,,,
1097,意见,yìjiàn,,,,
1098,获得,huòdé,,,,
1099,要是,yàoshì,,,,
1100,近,jìn,,,,
1101,数,shù,,,,
1102,公寓,gōngyù,,,,
1103,文件,wénjiàn,,,,
1104,只能,zhǐnéng,,,,
1105,白,bái,,,,
1106,寻找,xúnzhǎo,,,,
1107,攻击,gōngjī,,,,
1108,烂,làn,,,,
1109,不然,bùrán,,,,
1110,邀请,yāoqǐng,,,,
1111,尽管,jǐnguǎn,,,,
1112,姐姐,jiějiě,,,,
1113,浪费,làngfèi,,,,
1114,多谢,duōxiè,,,,
1115,女朋友,nǚpéngyǒu,,,,
1116,动物,dòngwù,,,,
1117,一半,yíbàn,,,,
1118,某个,mǒugè,,,,
1119,躲,duǒ,,,,
1120,为何,wèihé,,,,
1121,要么,yàome,,,,
1122,逼,bī,,,,
1123,欠,qiàn,,,,
1124,轮,lún,,,,
1125,试图,shìtú,,,,
1126,反应,fǎnyìng,,,,
1127,西,xī,,,,
1128,一边,yībiān,,,,
1129,听见,tīngjiàn,,,,
1130,舒服,shūfú,,,,
1131,失败,shībài,,,,
1132,通,tōng,,,,
1133,有时,yǒushí,,,,
1134,一般,yìbān,,,,
1135,蛋,dàn,,,,
1136,介绍,jièshào,,,,
1137,意外,yìwài,,,,
1138,字,zì,,,,
1139,入,rù,,,,
1140,责任,zérèn,,,,
1141,食物,shíwù,,,,
1142,洛杉矶,luòshānjī,,,,
1143,遗憾,yíhàn,,,,
1144,反正,fǎnzhèng,,,,
1145,杀手,shāshǒu,,,,
1146,设计,shèjì,,,,
1147,封,fēng,,,,
1148,赢得,yíngdé,,,,
1149,正是,zhèngshì,,,,
1150,证人,zhèngrén,,,,
1151,美丽,měilì,,,,
1152,压力,yālì,,,,
1153,味道,wèidào,,,,
1154,淘汰,táotài,,,,
1155,鱼,yú,,,,
1156,厉害,lìhài,,,,
1157,射,shè,,,,
1158,室,shì,,,,
1159,醉,zuì,,,,
1160,蠢,chǔn,,,,
1161,未,wèi,,,,
1162,德,dé,,,,
1163,私人,sīrén,,,,
1164,某,mǒu,,,,
1165,出发,chūfā,,,,
1166,伟大,wěidà,,,,
1167,兴奋,xīngfèn,,,,
1168,观众,guānzhòng,,,,
1169,臭,chòu,,,,
1170,达,dá,,,,
1171,自从,zìcóng,,,,
1172,钟,zhōng,,,,
1173,子弹,zǐdàn,,,,
1174,垃圾,lājī,,,,
1175,叔叔,shūshū,,,,
1176,男朋友,nánpéngyǒu,,,,
1177,疼,téng,,,,
1178,毒品,dúpǐn,,,,
1179,签,qiān,,,,
1180,不必,bùbì,,,,
1181,反对,fǎnduì,,,,
1182,颗,kē,,,,
1183,停下,tíngxià,,,,
1184,肉,ròu,,,,
1185,测试,cèshì,,,,
1186,精彩,jīngcǎi,,,,
1187,金,jīn,,,,
1188,感情,gǎnqíng,,,,
1189,有时候,yǒushíhòu,,,,
1190,袭击,xíjī,,,,
1191,演出,yǎnchū,,,,
1192,一生,yīshēng,,,,
1193,不在乎,bùzàihū,,,,
1194,朝,cháo,,,,
1195,呼吸,hūxī,,,,
1196,明星,míngxīng,,,,
1197,机,jī,,,,
1198,城,chéng,,,,
1199,超级,chāojí,,,,
1200,灵魂,línghún,,,,
1201,破坏,pòhuài,,,,
1202,只不过,zhǐbùguò,,,,
1203,房,fáng,,,,
1204,愉快,yúkuài,,,,
1205,爆炸,bàozhà,,,,
1206,迟到,chídào,,,,
1207,带走,dàizǒu,,,,
1208,晚餐,wǎncān,,,,
1209,开玩笑,kāiwánxiào,,,,
1210,角色,juésè,,,,
1211,脑子,nǎozi,,,,
1212,路上,lùshàng,,,,
1213,见鬼,jiànguǐ,,,,
1214,杂志,zázhì,,,,
1215,秀,xiù,,,,
1216,服务,fúwù,,,,
1217,合适,héshì,,,,
1218,学习,xuéxí,,,,
1219,顿,dùn,,,,
1220,便,biàn,,,,
1221,包括,bāokuò,,,,
1222,累,lèi,,,,
1223,汽车,qìchē,,,,
1224,时刻,shíkè,,,,
1225,单,dān,,,,
1226,广告,guǎnggào,,,,
1227,哥们,gēmen,,,,
1228,英国,yīngguó,,,,
1229,样,yàng,,,,
1230,笨蛋,bèndàn,,,,
1231,冷,lěng,,,,
1232,相当,xiāngdāng,,,,
1233,投,tóu,,,,
1234,闻,wén,,,,
1235,公平,gōngpíng,,,,
1236,玩意,wányì,,,,
1237,及,jí,,,,
1238,鞋,xié,,,,
1239,屁,pì,,,,
1240,盯,dīng,,,,
1241,自然,zìrán,,,,
1242,堆,duī,,,,
1243,历史,lìshǐ,,,,
1244,深,shēn,,,,
1245,取,qǔ,,,,
1246,法庭,fǎtíng,,,,
1247,俱乐部,jùlèbù,,,,
1248,通常,tōngcháng,,,,
1249,拯救,zhěngjiù,,,,
1250,差点,chàdiǎn,,,,
1251,啤酒,píjiǔ,,,,
1252,咬,yǎo,,,,
1253,短,duǎn,,,,
1254,地球,dìqiú,,,,
1255,紧,jǐn,,,,
1256,透,tòu,,,,
1257,受害者,shòuhàizhě,,,,
1258,力,lì,,,,
1259,愚蠢,yúchǔn,,,,
1260,炸弹,zhàdàn,,,,
1261,帅,shuài,,,,
1262,踢,tī,,,,
1263,联邦,liánbāng,,,,
1264,评委,píngwěi,,,,
1265,客气,kèqì,,,,
1266,造成,zàochéng,,,,
1267,经过,jīngguò,,,,
1268,周末,zhōumò,,,,
1269,星,xīng,,,,
1270,信号,xìnhào,,,,
1271,跟踪,gēnzōng,,,,
1272,推,tuī,,,,
1273,喝酒,hējiǔ,,,,
1274,关键,guānjiàn,,,,
1275,下次,xiàcì,,,,
1276,充满,chōngmǎn,,,,
1277,断,duàn,,,,
1278,其它,qítā,,,,
1279,再说,zàishuō,,,,
1280,空,kōng,,,,
1281,抱,bào,,,,
1282,究竟,jiūjìng,,,,
1283,美好,měihǎo,,,,
1284,班,bān,,,,
1285,架,jià,,,,
1286,圣,shèng,,,,
1287,恐怕,kǒngpà,,,,
1288,准,zhǔn,,,,
1289,抢,qiǎng,,,,
1290,课,kè,,,,
1291,习惯,xíguàn,,,,
1292,现实,xiànshí,,,,
1293,做出,zuòchū,,,,
1294,上班,shàngbān,,,,
1295,躺,tǎng,,,,
1296,越来越,yuèláiyuè,,,,
1297,山,shān,,,,
1298,名单,míngdān,,,,
1299,不幸,bùxìng,,,,
1300,恢复,huīfù,,,,
1301,确认,quèrèn,,,,
1302,聚会,jùhuì,,,,
1303,怀孕,huáiyùn,,,,
1304,公园,gōngyuán,,,,
1305,绑架,bǎngjià,,,,
1306,部落,bùluò,,,,
1307,肯,kěn,,,,
1308,资料,zīliào,,,,
1309,干净,gānjìng,,,,
1310,婚姻,hūnyīn,,,,
1311,痛,tòng,,,,
1312,亲,qīn,,,,
1313,教堂,jiàotáng,,,,
1314,皮,pí,,,,
1315,鸟,niǎo,,,,
1316,爽,shuǎng,,,,
1317,健康,jiànkāng,,,,
1318,客户,kèhù,,,,
1319,圈,quān,,,,
1320,脑袋,nǎodài,,,,
1321,不够,bùgòu,,,,
1322,嘘,xū,,,,
1323,前面,qiánmiàn,,,,
1324,分手,fēnshǒu,,,,
1325,方向,fāngxiàng,,,,
1326,心理,xīnlǐ,,,,
1327,幸福,xìngfú,,,,
1328,树,shù,,,,
1329,救命,jiùmìng,,,,
1330,接着,jiēzhe,,,,
1331,项,xiàng,,,,
1332,疯子,fēngzi,,,,
1333,赛,sài,,,,
1334,将军,jiāngjūn,,,,
1335,技术,jìshù,,,,
1336,吃饭,chīfàn,,,,
1337,传,chuán,,,,
1338,困难,kùnnán,,,,
1339,不许,bùxǔ,,,,
1340,某种,mǒuzhǒng,,,,
1341,记忆,jìyì,,,,
1342,乐队,yuèduì,,,,
1343,紧急,jǐnjí,,,,
1344,高中,gāozhōng,,,,
1345,听听,tīngtīng,,,,
1346,正好,zhènghǎo,,,,
1347,州,zhōu,,,,
1348,毫无,háowú,,,,
1349,提醒,tíxǐng,,,,
1350,旅行,lǚxíng,,,,
1351,惊喜,jīngxǐ,,,,
1352,拿走,názǒu,,,,
1353,接近,jiējìn,,,,
1354,逮捕,dàibǔ,,,,
1355,吵,chǎo,,,,
1356,旁边,pángbiān,,,,
1357,激动,jīdòng,,,,
1358,骄傲,jiāoào,,,,
1359,而是,érshì,,,,
1360,利,lì,,,,
1361,牌,pái,,,,
1362,八,bā,,,,
1363,成员,chéngyuán,,,,
1364,监视,jiānshì,,,,
1365,女性,nǚxìng,,,,
1366,权利,quánlì,,,,
1367,说谎,shuōhuǎng,,,,
1368,圣诞,shèngdàn,,,,
1369,黑人,hēirén,,,,
1370,警方,jǐngfāng,,,,
1371,法国,fǎguó,,,,
1372,毛,máo,,,,
1373,错过,cuòguò,,,,
1374,警告,jǐnggào,,,,
1375,老天,lǎotiān,,,,
1376,吉,jí,,,,
1377,惹,rě,,,,
1378,酒店,jiǔdiàn,,,,
1379,抽,chōu,,,,
1380,之类,zhīlèi,,,,
1381,王,wáng,,,,
1382,冠军,guànjūn,,,,
1383,尝试,chángshì,,,,
1384,教练,jiàoliàn,,,,
1385,常,cháng,,,,
1386,对方,duìfāng,,,,
1387,随时,suíshí,,,,
1388,弹,dàn,,,,
1389,敌人,dírén,,,,
1390,搭档,dādàng,,,,
1391,从未,cóngwèi,,,,
1392,帐,zhàng,,,,
1393,谈话,tánhuà,,,,
1394,度,dù,,,,
1395,背,bèi,,,,
1396,节,jié,,,,
1397,排,pái,,,,
1398,约翰,yuēhàn,,,,
1399,许多,xǔduō,,,,
1400,人物,rénwù,,,,
1401,头儿,tóuer,,,,
1402,叫做,jiàozuò,,,,
1403,猪,zhū,,,,
1404,感激,gǎnjī,,,,
1405,随,suí,,,,
1406,中国,zhōngguó,,,,
1407,牛,niú,,,,
1408,瓶,píng,,,,
1409,蛋糕,dàngāo,,,,
1410,吸,xī,,,,
1411,顺利,shùnlì,,,,
1412,死者,sǐzhě,,,,
1413,傻瓜,shǎguā,,,,
1414,英里,yīnglǐ,,,,
1415,嫁,jià,,,,
1416,挑战,tiǎozhàn,,,,
1417,死去,sǐqù,,,,
1418,上去,shàngqù,,,,
1419,七,qī,,,,
1420,职业,zhíyè,,,,
1421,菜,cài,,,,
1422,改,gǎi,,,,
1423,地址,dìzhǐ,,,,
1424,意,yì,,,,
1425,赚,zhuàn,,,,
1426,不少,bùshǎo,,,,
1427,地狱,dìyù,,,,
1428,于是,yúshì,,,,
1429,自我,zìwǒ,,,,
1430,非,fēi,,,,
1431,对付,duìfù,,,,
1432,好事,hǎoshì,,,,
1433,唔,wú,,,,
1434,元,yuán,,,,
1435,祈祷,qídǎo,,,,
1436,编,biān,,,,
1437,收拾,shōushí,,,,
1438,客人,kèrén,,,,
1439,状态,zhuàngtài,,,,
1440,战,zhàn,,,,
1441,亚,yà,,,,
1442,周围,zhōuwéi,,,,
1443,报道,bàodào,,,,
1444,戏,xì,,,,
1445,参与,cānyù,,,,
1446,运动,yùndòng,,,,
1447,彼此,bǐcǐ,,,,
1448,荣幸,róngxìng,,,,
1449,会议,huìyì,,,,
1450,到达,dàodá,,,,
1451,爬,pá,,,,
1452,赌,dǔ,,,,
1453,显示,xiǎnshì,,,,
1454,队伍,duìwǔ,,,,
1455,立刻,lìkè,,,,
1456,绝不,juébù,,,,
1457,舞台,wǔtái,,,,
1458,吐,tǔ,,,,
1459,奶奶,nǎinǎi,,,,
1460,配,pèi,,,,
1461,取消,qǔxiāo,,,,
1462,离婚,líhūn,,,,
1463,等待,děngdài,,,,
1464,爱情,àiqíng,,,,
1465,尽力,jìnlì,,,,
1466,十分,shífēn,,,,
1467,尊重,zūnzhòng,,,,
1468,教授,jiàoshòu,,,,
1469,去年,qùnián,,,,
1470,语,yǔ,,,,
1471,超过,chāoguò,,,,
1472,丝,sī,,,,
1473,开车,kāichē,,,,
1474,仍,réng,,,,
1475,寄,jì,,,,
1476,器,qì,,,,
1477,聊,liáo,,,,
1478,指纹,zhǐwén,,,,
1479,庆祝,qìngzhù,,,,
1480,住手,zhùshǒu,,,,
1481,娘,niáng,,,,
1482,偶像,ǒuxiàng,,,,
1483,同志,tóngzhì,,,,
1484,裤子,kùzi,,,,
1485,军队,jūnduì,,,,
1486,假装,jiǎzhuāng,,,,
1487,想起,xiǎngqǐ,,,,
1488,侦探,zhēntàn,,,,
1489,狂,kuáng,,,,
1490,拖,tuō,,,,
1491,实验室,shíyànshì,,,,
1492,顺便,shùnbiàn,,,,
1493,吹,chuī,,,,
1494,害,hài,,,,
1495,或是,huòshì,,,,
1496,修,xiū,,,,
1497,在乎,zàihū,,,,
1498,无聊,wúliáo,,,,
1499,状况,zhuàngkuàng,,,,
1500,目的,mùdì,,,,
1501,恶魔,èmó,,,,
1502,确保,quèbǎo,,,,
1503,心脏,xīnzàng,,,,
1504,似的,shìde,,,,
1505,舞会,wǔhuì,,,,
1506,急,jí,,,,
1507,风,fēng,,,,
1508,耍,shuǎ,,,,
1509,罗,luó,,,,
1510,家族,jiāzú,,,,
1511,慢慢,mànmàn,,,,
1512,低,dī,,,,
1513,剩,shèng,,,,
1514,战斗,zhàndòu,,,,
1515,饭,fàn,,,,
1516,脑,nǎo,,,,
1517,复杂,fùzá,,,,
1518,社会,shèhuì,,,,
1519,烦,fán,,,,
1520,故意,gùyì,,,,
1521,邻居,línjū,,,,
1522,今年,jīnnián,,,,
1523,调,diào,,,,
1524,心里,xīnlǐ,,,,
1525,展示,zhǎnshì,,,,
1526,意大利,yìdàlì,,,,
1527,起诉,qǐsù,,,,
1528,哥,gē,,,,
1529,好人,hǎorén,,,,
1530,国王,guówáng,,,,
1531,长大,zhǎngdà,,,,
1532,类,lèi,,,,
1533,交给,jiāogěi,,,,
1534,瑞,ruì,,,,
1535,尿,niào,,,,
1536,屎,shǐ,,,,
1537,陪审团,péishěntuán,,,,
1538,项目,xiàngmù,,,,
1539,集中,jízhōng,,,,
1540,实话,shíhuà,,,,
1541,表情,biǎoqíng,,,,
1542,冒险,màoxiǎn,,,,
1543,好处,hǎochù,,,,
1544,格,gé,,,,
1545,左,zuǒ,,,,
1546,海,hǎi,,,,
1547,吸血鬼,xīxuèguǐ,,,,
1548,胜利,shènglì,,,,
1549,竟然,jìngrán,,,,
1550,普通,pǔtōng,,,,
1551,官,guān,,,,
1552,直,zhí,,,,
1553,表示,biǎoshì,,,,
1554,印象,yìnxiàng,,,,
1555,出生,chūshēng,,,,
1556,进展,jìnzhǎn,,,,
1557,估计,gūjì,,,,
1558,乐,lè,,,,
1559,地点,dìdiǎn,,,,
1560,经理,jīnglǐ,,,,
1561,轻松,qīngsōng,,,,
1562,乐意,lèyì,,,,
1563,作用,zuòyòng,,,,
1564,右,yòu,,,,
1565,举,jǔ,,,,
1566,安,ān,,,,
1567,期待,qīdài,,,,
1568,师,shī,,,,
1569,小伙子,xiǎohuǒzi,,,,
1570,保险,bǎoxiǎn,,,,
1571,天使,tiānshǐ,,,,
1572,落,luò,,,,
1573,难以置信,nányǐzhìxìn,,,,
1574,录,lù,,,,
1575,单独,dāndú,,,,
1576,反,fǎn,,,,
1577,队长,duìzhǎng,,,,
1578,著名,zhùmíng,,,,
1579,理,lǐ,,,,
1580,日本,rìběn,,,,
1581,专家,zhuānjiā,,,,
1582,为止,wéizhǐ,,,,
1583,具,jù,,,,
1584,墨西哥,mòxīgē,,,,
1585,旅馆,lǚguǎn,,,,
1586,邪恶,xiéè,,,,
1587,赶快,gǎnkuài,,,,
1588,不知,bùzhī,,,,
1589,更加,gèngjiā,,,,
1590,层,céng,,,,
1591,挖,wā,,,,
1592,好几,hǎojǐ,,,,
1593,风格,fēnggé,,,,
1594,免费,miǎnfèi,,,,
1595,追踪,zhuīzōng,,,,
1596,伤心,shāngxīn,,,,
1597,每次,měicì,,,,
1598,报纸,bàozhǐ,,,,
1599,机器,jīqì,,,,
1600,式,shì,,,,
1601,塞,sāi,,,,
1602,解雇,jiěgù,,,,
1603,颜色,yánsè,,,,
1604,好莱坞,hǎoláiwù,,,,
1605,无关,wúguān,,,,
1606,时光,shíguāng,,,,
1607,记者,jìzhě,,,,
1608,方,fāng,,,,
1609,尽快,jǐnkuài,,,,
1610,价值,jiàzhí,,,,
1611,仔细,zǐxì,,,,
1612,巧克力,qiǎokèlì,,,,
1613,女生,nǚshēng,,,,
1614,挑,tiāo,,,,
1615,辣,là,,,,
1616,互相,hùxiāng,,,,
1617,切,qiè,,,,
1618,招,zhāo,,,,
1619,炸,zhà,,,,
1620,墙,qiáng,,,,
1621,流,liú,,,,
1622,厕所,cèsuǒ,,,,
1623,无辜,wúgū,,,,
1624,彻底,chèdǐ,,,,
1625,搭,dā,,,,
1626,相,xiāng,,,,
1627,权,quán,,,,
1628,翻,fān,,,,
1629,摆,bǎi,,,,
1630,过程,guòchéng,,,,
1631,上次,shàngcì,,,,
1632,申请,shēnqǐng,,,,
1633,压,yā,,,,
1634,手上,shǒushàng,,,,
1635,烤,kǎo,,,,
1636,请求,qǐngqiú,,,,
1637,原,yuán,,,,
1638,圣诞节,shèngdànjié,,,,
1639,某些,mǒuxiē,,,,
1640,人民,rénmín,,,,
1641,恐惧,kǒngjù,,,,
1642,谈论,tánlùn,,,,
1643,命运,mìngyùn,,,,
1644,小组,xiǎozǔ,,,,
1645,引起,yǐnqǐ,,,,
1646,发展,fāzhǎn,,,,
1647,分子,fènzǐ,,,,
1648,白人,báirén,,,,
1649,惊讶,jīngyà,,,,
1650,灯,dēng,,,,
1651,桌子,zhuōzi,,,,
1652,巴,bā,,,,
1653,毕业,bìyè,,,,
1654,练习,liànxí,,,,
1655,黑暗,hēiàn,,,,
1656,机场,jīchǎng,,,,
1657,事业,shìyè,,,,
1658,稍,shāo,,,,
1659,仅,jǐn,,,,
1660,不可思议,bùkěsīyì,,,,
1661,结,jié,,,,
1662,爷爷,yéyé,,,,
1663,会儿,huìer,,,,
1664,正式,zhèngshì,,,,
1665,厨房,chúfáng,,,,
1666,特殊,tèshū,,,,
1667,扯,chě,,,,
1668,专业,zhuānyè,,,,
1669,老实,lǎoshí,,,,
1670,晚饭,wǎnfàn,,,,
1671,吸引,xīyǐn,,,,
1672,年代,niándài,,,,
1673,士兵,shìbīng,,,,
1674,蓝,lán,,,,
1675,以来,yǐlái,,,,
1676,心情,xīnqíng,,,,
1677,难过,nánguò,,,,
1678,型,xíng,,,,
1679,呐,nà,,,,
1680,报,bào,,,,
1681,屋子,wūzi,,,,
1682,制造,zhìzào,,,,
1683,全都,quándōu,,,,
1684,打赌,dǎdǔ,,,,
1685,中间,zhōngjiān,,,,
1686,退,tuì,,,,
1687,唱歌,chànggē,,,,
1688,冒,mào,,,,
1689,伦敦,lúndūn,,,,
1690,至,zhì,,,,
1691,特工,tègōng,,,,
1692,镇,zhèn,,,,
1693,停车,tíngchē,,,,
1694,奖,jiǎng,,,,
1695,雇,gù,,,,
1696,冰,bīng,,,,
1697,戒指,jièzhǐ,,,,
1698,回头,huítóu,,,,
1699,洞,dòng,,,,
1700,祝贺,zhùhè,,,,
1701,案件,ànjiàn,,,,
1702,条件,tiáojiàn,,,,
1703,若,ruò,,,,
1704,作品,zuòpǐn,,,,
1705,手里,shǒulǐ,,,,
1706,爱上,àishàng,,,,
1707,则,zé,,,,
1708,档案,dàngàn,,,,
1709,千万,qiānwàn,,,,
1710,去世,qùshì,,,,
1711,靠近,kàojìn,,,,
1712,一刻,yīkè,,,,
1713,应,yīng,,,,
1714,饼,bǐng,,,,
1715,规则,guīzé,,,,
1716,接到,jiēdào,,,,
1717,付出,fùchū,,,,
1718,队员,duìyuán,,,,
1719,帽子,màozi,,,,
1720,协议,xiéyì,,,,
1721,说服,shuōfú,,,,
1722,上周,shàngzhōu,,,,
1723,何,hé,,,,
1724,电,diàn,,,,
1725,司机,sījī,,,,
1726,搜查,sōuchá,,,,
1727,产生,chǎnshēng,,,,
1728,千,qiān,,,,
1729,布,bù,,,,
1730,时代,shídài,,,,
1731,接触,jiēchù,,,,
1732,卡车,kǎchē,,,,
1733,抢劫,qiǎngjié,,,,
1734,碰到,pèngdào,,,,
1735,神父,shénfù,,,,
1736,规矩,guījǔ,,,,
1737,洛,luò,,,,
1738,之中,zhīzhōng,,,,
1739,火车,huǒchē,,,,
1740,说实话,shuōshíhuà,,,,
1741,什,shén,,,,
1742,糖,táng,,,,
1743,旧,jiù,,,,
1744,逃跑,táopǎo,,,,
1745,灵,líng,,,,
1746,般,bān,,,,
1747,部门,bùmén,,,,
1748,基本,jīběn,,,,
1749,控,kòng,,,,
1750,出租车,chūzūchē,,,,
1751,分析,fēnxī,,,,
1752,代价,dàijià,,,,
1753,地区,dìqū,,,,
1754,背叛,bèipàn,,,,
1755,趟,tàng,,,,
1756,天堂,tiāntáng,,,,
1757,拍摄,pāishè,,,,
1758,年轻人,niánqīngrén,,,,
1759,导致,dǎozhì,,,,
1760,脸上,liǎnshàng,,,,
1761,对待,duìdài,,,,
1762,主人,zhǔrén,,,,
1763,表,biǎo,,,,
1764,释放,shìfàng,,,,
1765,困,kùn,,,,
1766,大街,dàjiē,,,,
1767,箱子,xiāngzi,,,,
1768,耶稣,yēsū,,,,
1769,由于,yóuyú,,,,
1770,宣布,xuānbù,,,,
1771,乔,qiáo,,,,
1772,执行,zhíxíng,,,,
1773,物,wù,,,,
1774,报警,bàojǐng,,,,
1775,不对,búduì,,,,
1776,密码,mìmǎ,,,,
1777,红色,hóngsè,,,,
1778,骗子,piànzi,,,,
1779,货,huò,,,,
1780,空间,kōngjiān,,,,
1781,折磨,zhémó,,,,
1782,油,yóu,,,,
1783,尸,shī,,,,
1784,留言,liúyán,,,,
1785,熊,xióng,,,,
1786,想念,xiǎngniàn,,,,
1787,而言,éryán,,,,
1788,值,zhí,,,,
1789,倍,bèi,,,,
1790,擦,cā,,,,
1791,尤其,yóuqí,,,,
1792,卷,juǎn,,,,
1793,经验,jīngyàn,,,,
1794,盒子,hézi,,,,
1795,艘,sōu,,,,
1796,干杯,gānbēi,,,,
1797,看法,kànfǎ,,,,
1798,大脑,dànǎo,,,,
1799,共,gòng,,,,
1800,罪犯,zuìfàn,,,,
1801,不到,búdào,,,,
1802,问问,wènwèn,,,,
1803,干掉,gàndiào,,,,
1804,指控,zhǐkòng,,,,
1805,星球,xīngqiú,,,,
1806,录像,lùxiàng,,,,
1807,刺,cì,,,,
1808,程序,chéngxù,,,,
1809,情报,qíngbào,,,,
1810,炒,chǎo,,,,
1811,情绪,qíngxù,,,,
1812,今,jīn,,,,
1813,怪物,guàiwù,,,,
1814,创造,chuàngzào,,,,
1815,杀害,shāhài,,,,
1816,内心,nèixīn,,,,
1817,暴力,bàolì,,,,
1818,脏,zàng,,,,
1819,走开,zǒukāi,,,,
1820,事故,shìgù,,,,
1821,艺术,yìshù,,,,
1822,满意,mǎnyì,,,,
1823,大多数,dàduōshù,,,,
1824,速度,sùdù,,,,
1825,神经,shénjīng,,,,
1826,汤姆,tāngmǔ,,,,
1827,牺牲,xīshēng,,,,
1828,勇敢,yǒnggǎn,,,,
1829,愤怒,fènnù,,,,
1830,合,hé,,,,
1831,奇,qí,,,,
1832,数字,shùzì,,,,
1833,咪,mī,,,,
1834,纸,zhǐ,,,,
1835,地上,dìshàng,,,,
1836,范围,fànwéi,,,,
1837,称,chēng,,,,
1838,骑,qí,,,,
1839,尽量,jǐnliàng,,,,
1840,太阳,tàiyáng,,,,
1841,午餐,wǔcān,,,,
1842,提出,tíchū,,,,
1843,暂时,zànshí,,,,
1844,据,jù,,,,
1845,午饭,wǔfàn,,,,
1846,优秀,yōuxiù,,,,
1847,亲自,qīnzì,,,,
1848,迟,chí,,,,
1849,歌曲,gēqǔ,,,,
1850,婴儿,yīngér,,,,
1851,极,jí,,,,
1852,兰,lán,,,,
1853,笑话,xiàohuà,,,,
1854,可惜,kěxī,,,,
1855,响,xiǎng,,,,
1856,石头,shítou,,,,
1857,英尺,yīngchǐ,,,,
1858,屋,wū,,,,
1859,省,shěng,,,,
1860,细节,xìjié,,,,
1861,顶,dǐng,,,,
1862,科学,kēxué,,,,
1863,迷,mí,,,,
1864,笨,bèn,,,,
1865,塔,tǎ,,,,
1866,有的,yǒude,,,,
1867,道理,dàolǐ,,,,
1868,船长,chuánzhǎng,,,,
1869,撒,sā,,,,
1870,歌手,gēshǒu,,,,
1871,上校,shàngxiào,,,,
1872,运气,yùnqì,,,,
1873,主要,zhǔyào,,,,
1874,烟,yān,,,,
1875,同事,tóngshì,,,,
1876,餐厅,cāntīng,,,,
1877,喊,hǎn,,,,
1878,各,gè,,,,
1879,魔,mó,,,,
1880,美女,měinǚ,,,,
1881,距离,jùlí,,,,
1882,毒,dú,,,,
1883,讲话,jiǎnghuà,,,,
1884,有所,yǒusuǒ,,,,
1885,制作,zhìzuò,,,,
1886,莱,lái,,,,
1887,摔,shuāi,,,,
1888,街上,jiēshàng,,,,
1889,团队,tuánduì,,,,
1890,早就,zǎojiù,,,,
1891,鼻子,bízi,,,,
1892,相处,xiāngchǔ,,,,
1893,罢了,bàle,,,,
1894,绝,jué,,,,
1895,归,guī,,,,
1896,度过,dùguò,,,,
1897,拳,quán,,,,
1898,关注,guānzhù,,,,
1899,德国,déguó,,,,
1900,大部分,dàbùfèn,,,,
1901,窗户,chuānghù,,,,
1902,奇迹,qíjì,,,,
1903,空气,kōngqì,,,,
1904,护士,hùshì,,,,
1905,分享,fēnxiǎng,,,,
1906,萨,sà,,,,
1907,被捕,bèibǔ,,,,
1908,基,jī,,,,
1909,后悔,hòuhuǐ,,,,
1910,信仰,xìnyǎng,,,,
1911,保安,bǎoān,,,,
1912,变态,biàntài,,,,
1913,媒体,méitǐ,,,,
1914,赶紧,gǎnjǐn,,,,
1915,匹,pǐ,,,,
1916,角,jiǎo,,,,
1917,所谓,suǒwèi,,,,
1918,建立,jiànlì,,,,
1919,印,yìn,,,,
1920,无所谓,wúsuǒwèi,,,,
1921,变化,biànhuà,,,,
1922,表达,biǎodá,,,,
1923,大约,dàyuē,,,,
1924,东,dōng,,,,
1925,一辈子,yībèizi,,,,
1926,仅仅,jǐnjǐn,,,,
1927,华盛顿,huáshèngdùn,,,,
1928,造,zào,,,,
1929,姐妹,jiěmèi,,,,
1930,神秘,shénmì,,,,
1931,实现,shíxiàn,,,,
1932,市,shì,,,,
1933,维,wéi,,,,
1934,瞧瞧,qiáoqiáo,,,,
1935,政治,zhèngzhì,,,,
1936,症,zhèng,,,,
1937,第四,dìsì,,,,
1938,魔鬼,móguǐ,,,,
1939,查理,chálǐ,,,,
1940,孤独,gūdú,,,,
1941,蒂,dì,,,,
1942,内容,nèiróng,,,,
1943,巨大,jùdà,,,,
1944,宝宝,bǎobǎo,,,,
1945,惩罚,chéngfá,,,,
1946,加上,jiāshàng,,,,
1947,开门,kāimén,,,,
1948,蓝色,lánsè,,,,
1949,退出,tuìchū,,,,
1950,鬼魂,guǐhún,,,,
1951,对手,duìshǒu,,,,
1952,前进,qiánjìn,,,,
1953,怎,zěn,,,,
1954,乔治,qiáozhì,,,,
1955,神奇,shénqí,,,,
1956,牧师,mùshī,,,,
1957,年级,niánjí,,,,
1958,代,dài,,,,
1959,登,dēng,,,,
1960,环境,huánjìng,,,,
1961,提到,tídào,,,,
1962,杂种,zázhǒng,,,,
1963,刺激,cìjī,,,,
1964,我会,wǒhuì,,,,
1965,凭,píng,,,,
1966,规定,guīdìng,,,,
1967,好多,hǎoduō,,,,
1968,雨,yǔ,,,,
1969,磅,bàng,,,,
1970,警长,jǐngzhǎng,,,,
1971,最佳,zuìjiā,,,,
1972,受害人,shòuhàirén,,,,
1973,废话,fèihuà,,,,
1974,效果,xiàoguǒ,,,,
1975,伤口,shāngkǒu,,,,
1976,咯,gē,,,,
1977,魔法,mófǎ,,,,
1978,独自,dúzì,,,,
1979,现金,xiànjīn,,,,
1980,夺,duó,,,,
1981,掌握,zhǎngwò,,,,
1982,麦克,màikè,,,,
1983,儿童,értóng,,,,
1984,女孩子,nǚháizi,,,,
1985,强大,qiángdà,,,,
1986,分开,fēnkāi,,,,
1987,租,zū,,,,
1988,杰,jié,,,,
1989,佬,lǎo,,,,
1990,承诺,chéngnuò,,,,
1991,脖子,bózi,,,,
1992,检察官,jiǎncháguān,,,,
1993,好看,hǎokàn,,,,
1994,间谍,jiàndié,,,,
1995,篇,piān,,,,
1996,玩具,wánjù,,,,
1997,车上,chēshàng,,,,
1998,机器人,jīqìrén,,,,
1999,满足,mǎnzú,,,,
2000,打败,dǎbài,,,,
2001,不见,bújiàn,,,,
2002,确信,quèxìn,,,,
2003,不管怎样,bùguǎnzěnyàng,,,,
2004,科,kē,,,,
2005,传统,chuántǒng,,,,
2006,浪漫,làngmàn,,,,
2007,哼,hēng,,,,
2008,念,niàn,,,,
2009,巴黎,bālí,,,,
2010,重复,chóngfù,,,,
2011,和平,hépíng,,,,
2012,欣赏,xīnshǎng,,,,
2013,留下来,liúxiàlái,,,,
2014,天气,tiānqì,,,,
2015,绑,bǎng,,,,
2016,守,shǒu,,,,
2017,一一,yīyī,,,,
2018,态度,tàidù,,,,
2019,尴尬,gāngà,,,,
2020,诺,nuò,,,,
2021,你好,nǐhǎo,,,,
2022,难以,nányǐ,,,,
2023,林,lín,,,,
2024,支票,zhīpiào,,,,
2025,拼,pīn,,,,
2026,好玩,hǎowán,,,,
2027,早餐,zǎocān,,,,
2028,茶,chá,,,,
2029,唯,wéi,,,,
2030,自信,zìxìn,,,,
2031,上学,shàngxué,,,,
2032,放在,fàngzài,,,,
2033,生物,shēngwù,,,,
2034,理论,lǐlùn,,,,
2035,角度,jiǎodù,,,,
2036,年纪,niánjì,,,,
2037,轻,qīng,,,,
2038,弗兰克,fúlánkè,,,,
2039,观察,guānchá,,,,
2040,九,jiǔ,,,,
2041,老鼠,lǎoshǔ,,,,
2042,击,jī,,,,
2043,龙,lóng,,,,
2044,埋,mái,,,,
2045,男友,nányǒu,,,,
2046,盖,gài,,,,
2047,关掉,guāndiào,,,,
2048,吃惊,chījīng,,,,
2049,大楼,dàlóu,,,,
2050,移动,yídòng,,,,
2051,商店,shāngdiàn,,,,
2052,妓女,jìnǚ,,,,
2053,不断,bùduàn,,,,
2054,能量,néngliàng,,,,
2055,解,jiě,,,,
2056,熟悉,shúxī,,,,
2057,牙,yá,,,,
2058,闹,nào,,,,
2059,公主,gōngzhǔ,,,,
2060,有效,yǒuxiào,,,,
2061,美金,měijīn,,,,
2062,滑,huá,,,,
2063,夜晚,yèwǎn,,,,
2064,清醒,qīngxǐng,,,,
2065,指望,zhǐwàng,,,,
2066,猜猜,cāicāi,,,,
2067,感染,gǎnrǎn,,,,
2068,也就是说,yějiùshìshuō,,,,
2069,露,lù,,,,
2070,抛弃,pāoqì,,,,
2071,摸,mō,,,,
2072,单身,dānshēn,,,,
2073,思考,sīkǎo,,,,
2074,板,bǎn,,,,
2075,好吃,hǎochī,,,,
2076,女王,nǚwáng,,,,
2077,波,bō,,,,
2078,趴下,pāxià,,,,
2079,胖,pàng,,,,
2080,认,rèn,,,,
2081,勒,lēi,,,,
2082,揍,zòu,,,,
2083,地图,dìtú,,,,
2084,按照,ànzhào,,,,
2085,美妙,měimiào,,,,
2086,失陪,shīpéi,,,,
2087,关闭,guānbì,,,,
2088,擅长,shàncháng,,,,
2089,幻想,huànxiǎng,,,,
2090,药物,yàowù,,,,
2091,狼,láng,,,,
2092,模,mó,,,,
2093,忍受,rěnshòu,,,,
2094,面包,miànbāo,,,,
2095,不仅仅,bùjǐnjǐn,,,,
2096,甩,shuǎi,,,,
2097,伙伴,huǒbàn,,,,
2098,女友,nǚyǒu,,,,
2099,世纪,shìjì,,,,
2100,大麻,dàmá,,,,
2101,插,chā,,,,
2102,比尔,bǐěr,,,,
2103,达到,dádào,,,,
2104,运,yùn,,,,
2105,回忆,huíyì,,,,
2106,邮件,yóujiàn,,,,
2107,明,míng,,,,
2108,史,shǐ,,,,
2109,动手,dòngshǒu,,,,
2110,妮,nī,,,,
2111,总之,zǒngzhī,,,,
2112,英语,yīngyǔ,,,,
2113,能否,néngfǒu,,,,
2114,可不,kěbù,,,,
2115,椅子,yǐzi,,,,
2116,干活,gànhuó,,,,
2117,鞋子,xiézi,,,,
2118,清理,qīnglǐ,,,,
2119,相同,xiāngtóng,,,,
2120,陛下,bìxià,,,,
2121,胜,shèng,,,,
2122,完毕,wánbì,,,,
2123,箱,xiāng,,,,
2124,血液,xuèyè,,,,
2125,大卫,dàwèi,,,,
2126,无论如何,wúlùnrúhé,,,,
2127,味,wèi,,,,
2128,保佑,bǎoyòu,,,,
2129,重点,zhòngdiǎn,,,,
2130,在场,zàichǎng,,,,
2131,最高,zuìgāo,,,,
2132,需,xū,,,,
2133,体,tǐ,,,,
2134,上尉,shàngwèi,,,,
2135,不可,bùkě,,,,
2136,教育,jiàoyù,,,,
2137,谎言,huǎngyán,,,,
2138,遇见,yùjiàn,,,,
2139,耳朵,ěrduǒ,,,,
2140,世上,shìshàng,,,,
2141,葬礼,zànglǐ,,,,
2142,某人,mǒurén,,,,
2143,拜,bài,,,,
2144,婚,hūn,,,,
2145,城里,chénglǐ,,,,
2146,委员会,wěiyuánhuì,,,,
2147,机构,jīgòu,,,,
2148,亮,liàng,,,,
2149,程度,chéngdù,,,,
2150,碎,suì,,,,
2151,盘,pán,,,,
2152,裙子,qúnzi,,,,
2153,即将,jíjiāng,,,,
2154,钻石,zuànshí,,,,
2155,受不了,shòubùliǎo,,,,
2156,图,tú,,,,
2157,艰难,jiānnán,,,,
2158,在于,zàiyú,,,,
2159,教训,jiàoxùn,,,,
2160,坦白,tǎnbái,,,,
2161,议员,yìyuán,,,,
2162,全国,quánguó,,,,
2163,订,dìng,,,,
2164,慈善,císhàn,,,,
2165,餐馆,cānguǎn,,,,
2166,夫,fū,,,,
2167,罗马,luómǎ,,,,
2168,皮肤,pífū,,,,
2169,部队,bùduì,,,,
2170,区别,qūbié,,,,
2171,背后,bèihòu,,,,
2172,装置,zhuāngzhì,,,,
2173,全世界,quánshìjiè,,,,
2174,权力,quánlì,,,,
2175,三明治,sānmíngzhì,,,,
2176,棒球,bàngqiú,,,,
2177,聊聊,liáoliáo,,,,
2178,新鲜,xīnxiān,,,,
2179,左右,zuǒyòu,,,,
2180,放心,fàngxīn,,,,
2181,学会,xuéhuì,,,,
2182,费,fèi,,,,
2183,痕迹,hénjì,,,,
2184,稳定,wěndìng,,,,
2185,尊敬,zūnjìng,,,,
2186,河,hé,,,,
2187,司,sī,,,,
2188,区域,qūyù,,,,
2189,坚强,jiānqiáng,,,,
2190,数据,shùjù,,,,
2191,玻璃,bōlí,,,,
2192,勇气,yǒngqì,,,,
2193,镜头,jìngtóu,,,,
2194,员工,yuángōng,,,,
2195,保,bǎo,,,,
2196,联盟,liánméng,,,,
2197,扇,shàn,,,,
2198,阳光,yángguāng,,,,
2199,好奇,hàoqí,,,,
2200,觉,jué,,,,
2201,审判,shěnpàn,,,,
2202,了不起,liǎobùqǐ,,,,
2203,基地,jīdì,,,,
2204,砍,kǎn,,,,
2205,假设,jiǎshè,,,,
2206,聊天,liáotiān,,,,
2207,之外,zhīwài,,,,
2208,嫉妒,jídù,,,,
2209,借口,jièkǒu,,,,
2210,土地,tǔdì,,,,
2211,平,píng,,,,
2212,保姆,bǎomǔ,,,,
2213,摇滚,yáogǔn,,,,
2214,放手,fàngshǒu,,,,
2215,抱怨,bàoyuàn,,,,
2216,注意力,zhùyìlì,,,,
2217,页,yè,,,,
2218,承受,chéngshòu,,,,
2219,签名,qiānmíng,,,,
2220,时尚,shíshàng,,,,
2221,的话,dehuà,,,,
2222,文章,wénzhāng,,,,
2223,打架,dǎjià,,,,
2224,病毒,bìngdú,,,,
2225,天赋,tiānfù,,,,
2226,整天,zhěngtiān,,,,
2227,海滩,hǎitān,,,,
2228,设备,shèbèi,,,,
2229,打击,dǎjī,,,,
2230,泡,pào,,,,
2231,描述,miáoshù,,,,
2232,神像,shénxiàng,,,,
2233,医疗,yīliáo,,,,
2234,袋,dài,,,,
2235,类似,lèisì,,,,
2236,隐藏,yǐncáng,,,,
2237,硬,yìng,,,,
2238,语言,yǔyán,,,,
2239,标准,biāozhǔn,,,,
2240,激情,jīqíng,,,,
2241,注射,zhùshè,,,,
2242,治,zhì,,,,
2243,车子,chēzi,,,,
2244,阁下,géxià,,,,
2245,当作,dàngzuò,,,,
2246,工,gōng,,,,
2247,南,nán,,,,
2248,奥,ào,,,,
2249,许,xǔ,,,,
2250,娶,qǔ,,,,
2251,文,wén,,,,
2252,处于,chǔyú,,,,
2253,犹太人,yóutàirén,,,,
2254,提要,tíyào,,,,
2255,投资,tóuzī,,,,
2256,过分,guòfèn,,,,
2257,对象,duìxiàng,,,,
2258,期,qī,,,,
2259,见见,jiànjiàn,,,,
2260,一致,yízhì,,,,
2261,贴,tiē,,,,
2262,转移,zhuǎnyí,,,,
2263,管理,guǎnlǐ,,,,
2264,保密,bǎomì,,,,
2265,摆脱,bǎituō,,,,
2266,助手,zhùshǒu,,,,
2267,魅力,mèilì,,,,
2268,实验,shíyàn,,,,
2269,误会,wùhuì,,,,
2270,启动,qǐdòng,,,,
2271,哟,yō,,,,
2272,建,jiàn,,,,
2273,恋爱,liànài,,,,
2274,小时候,xiǎoshíhòu,,,,
2275,话题,huàtí,,,,
2276,市场,shìchǎng,,,,
2277,栋,dòng,,,,
2278,木,mù,,,,
2279,团,tuán,,,,
2280,练,liàn,,,,
2281,迷人,mírén,,,,
2282,加州,jiāzhōu,,,,
2283,桥,qiáo,,,,
2284,建筑,jiànzhù,,,,
2285,迪,dí,,,,
2286,举行,jǔxíng,,,,
2287,损失,sǔnshī,,,,
2288,码,mǎ,,,,
2289,王子,wángzǐ,,,,
2290,丹,dān,,,,
2291,退后,tuìhòu,,,,
2292,自豪,zìháo,,,,
2293,肚子,dǔzi,,,,
2294,伊,yī,,,,
2295,开除,kāichú,,,,
2296,不仅,bùjǐn,,,,
2297,夏天,xiàtiān,,,,
2298,饼干,bǐnggān,,,,
2299,证,zhèng,,,,
2300,母,mǔ,,,,
2301,麦,mài,,,,
2302,可笑,kěxiào,,,,
2303,热情,rèqíng,,,,
2304,作证,zuòzhèng,,,,
2305,好笑,hǎoxiào,,,,
2306,说法,shuōfǎ,,,,
2307,开口,kāikǒu,,,,
2308,国际,guójì,,,,
2309,仪式,yíshì,,,,
2310,投入,tóurù,,,,
2311,成熟,chéngshú,,,,
2312,恋,liàn,,,,
2313,谋杀案,móushāàn,,,,
2314,混乱,hùnluàn,,,,
2315,信心,xìnxīn,,,,
2316,当成,dàngchéng,,,,
2317,经,jīng,,,,
2318,惨,cǎn,,,,
2319,联络,liánluò,,,,
2320,癌症,áizhèng,,,,
2321,抬,tái,,,,
2322,爵士,juéshì,,,,
2323,表明,biǎomíng,,,,
2324,飞行,fēixíng,,,,
2325,剑,jiàn,,,,
2326,幅,fú,,,,
2327,老公,lǎogōng,,,,
2328,注,zhù,,,,
2329,天才,tiāncái,,,,
2330,工具,gōngjù,,,,
2331,骨头,gǔtou,,,,
2332,送给,sònggěi,,,,
2333,言,yán,,,,
2334,踩,cǎi,,,,
2335,忍,rěn,,,,
2336,醒来,xǐnglái,,,,
2337,市长,shìzhǎng,,,,
2338,男生,nánshēng,,,,
2339,发射,fāshè,,,,
2340,之内,zhīnèi,,,,
2341,考试,kǎoshì,,,,
2342,生存,shēngcún,,,,
2343,犯人,fànrén,,,,
2344,名人,míngrén,,,,
2345,海军,hǎijūn,,,,
2346,第五,dìwǔ,,,,
2347,假如,jiǎrú,,,,
2348,纹,wén,,,,
2349,结局,jiéjú,,,,
2350,化,huà,,,,
2351,非法,fēifǎ,,,,
2352,合同,hétóng,,,,
2353,剪,jiǎn,,,,
2354,竞争,jìngzhēng,,,,
2355,小家伙,xiǎojiāhuo,,,,
2356,没事儿,méishìér,,,,
2357,争取,zhēngqǔ,,,,
2358,判,pàn,,,,
2359,接下来,jiēxiàlái,,,,
2360,乔伊,qiáoyī,,,,
2361,胸,xiōng,,,,
2362,人人,rénrén,,,,
2363,车祸,chēhuò,,,,
2364,当地,dāngdì,,,,
2365,信用卡,xìnyòngkǎ,,,,
2366,早晨,zǎochén,,,,
2367,滚开,gǔnkāi,,,,
2368,微笑,wēixiào,,,,
2369,人家,rénjiā,,,,
2370,电梯,diàntī,,,,
2371,辈子,bèizi,,,,
2372,出口,chūkǒu,,,,
2373,左边,zuǒbiān,,,,
2374,爆,bào,,,,
2375,托,tuō,,,,
2376,动机,dòngjī,,,,
2377,礼拜,lǐbài,,,,
2378,蛇,shé,,,,
2379,乖,guāi,,,,
2380,黑色,hēisè,,,,
2381,名叫,míngjiào,,,,
2382,欺骗,qīpiàn,,,,
2383,监控,jiānkòng,,,,
2384,发出,fāchū,,,,
2385,拍照,pāizhào,,,,
2386,船上,chuánshàng,,,,
2387,穿过,chuānguò,,,,
2388,并非,bìngfēi,,,,
2389,彼得,bǐdé,,,,
2390,做爱,zuòài,,,,
2391,同学,tóngxué,,,,
2392,非洲,fēizhōu,,,,
2393,警报,jǐngbào,,,,
2394,出局,chūjú,,,,
2395,内部,nèibù,,,,
2396,人质,rénzhì,,,,
2397,一会,yīhuì,,,,
2398,扮演,bànyǎn,,,,
2399,北,běi,,,,
2400,服,fú,,,,
2401,系,xì,,,,
2402,姿势,zīshì,,,,
2403,宇宙,yǔzhòu,,,,
2404,瞎,xiā,,,,
2405,面试,miànshì,,,,
2406,汤,tāng,,,,
2407,最新,zuìxīn,,,,
2408,丽,lì,,,,
2409,卧室,wòshì,,,,
2410,远离,yuǎnlí,,,,
2411,剧本,jùběn,,,,
2412,请问,qǐngwèn,,,,
2413,手指,shǒuzhǐ,,,,
2414,盒,hé,,,,
2415,证实,zhèngshí,,,,
2416,哎,āi,,,,
2417,迈阿密,màiāmì,,,,
2418,一路,yīlù,,,,
2419,游,yóu,,,,
2420,姓,xìng,,,,
2421,资格,zīgé,,,,
2422,作家,zuòjiā,,,,
2423,辞职,cízhí,,,,
2424,被告,bèigào,,,,
2425,钱包,qiánbāo,,,,
2426,客,kè,,,,
2427,诚实,chéngshí,,,,
2428,贱人,jiànrén,,,,
2429,合法,héfǎ,,,,
2430,粉丝,fěnsī,,,,
2431,级,jí,,,,
2432,谢天谢地,xiètiānxièdì,,,,
2433,救救,jiùjiù,,,,
2434,搜索,sōusuǒ,,,,
2435,好久,hǎojiǔ,,,,
2436,工厂,gōngchǎng,,,,
2437,留给,liúgěi,,,,
2438,走运,zǒuyùn,,,,
2439,吸毒,xīdú,,,,
2440,独立,dúlì,,,,
2441,到来,dàolái,,,,
2442,查查,zhāzhā,,,,
2443,决赛,juésài,,,,
2444,食,shí,,,,
2445,手段,shǒuduàn,,,,
2446,扣,kòu,,,,
2447,顾客,gùkè,,,,
2448,农场,nóngchǎng,,,,
2449,网络,wǎngluò,,,,
2450,口袋,kǒudài,,,,
2451,方便,fāngbiàn,,,,
2452,时机,shíjī,,,,
2453,存,cún,,,,
2454,毛病,máobìng,,,,
2455,香,xiāng,,,,
2456,百,bǎi,,,,
2457,印度,yìndù,,,,
2458,交流,jiāoliú,,,,
2459,辩护,biànhù,,,,
2460,打扮,dǎbàn,,,,
2461,晕,yūn,,,,
2462,黄,huáng,,,,
2463,起码,qǐmǎ,,,,
2464,嫌犯,xiánfàn,,,,
2465,公开,gōngkāi,,,,
2466,行李,xínglǐ,,,,
2467,玛丽,mǎlì,,,,
2468,宁愿,nìngyuàn,,,,
2469,隐瞒,yǐnmán,,,,
2470,观点,guāndiǎn,,,,
2471,地板,dìbǎn,,,,
2472,悲伤,bēishāng,,,,
2473,尖叫,jiānjiào,,,,
2474,网上,wǎngshàng,,,,
2475,说不定,shuōbùdìng,,,,
2476,小丑,xiǎochǒu,,,,
2477,剧,jù,,,,
2478,小说,xiǎoshuō,,,,
2479,年龄,niánlíng,,,,
2480,交换,jiāohuàn,,,,
2481,雪,xuě,,,,
2482,符合,fúhé,,,,
2483,拥抱,yōngbào,,,,
2484,万一,wànyī,,,,
2485,社区,shèqū,,,,
2486,助理,zhùlǐ,,,,
2487,发明,fāmíng,,,,
2488,通话,tōnghuà,,,,
2489,贵,guì,,,,
2490,交通,jiāotōng,,,,
2491,演唱,yǎnchàng,,,,
2492,重大,zhòngdà,,,,
2493,组合,zǔhé,,,,
2494,思想,sīxiǎng,,,,
2495,唱片,chàngpiàn,,,,
2496,骑士,qíshì,,,,
2497,洗手间,xǐshǒujiān,,,,
2498,哈哈,hāhā,,,,
2499,楼上,lóushàng,,,,
2500,载,zài,,,,
2501,逮,dǎi,,,,
2502,圣诞老人,shèngdànlǎorén,,,,
2503,镜,jìng,,,,
2504,针对,zhēnduì,,,,
2505,肥,féi,,,,
2506,一分,yīfēn,,,,
2507,具体,jùtǐ,,,,
2508,版,bǎn,,,,
2509,领导,lǐngdǎo,,,,
2510,共同,gòngtóng,,,,
2511,曲,qū,,,,
2512,洗澡,xǐzǎo,,,,
2513,针,zhēn,,,,
2514,填,tián,,,,
2515,稍微,shāowēi,,,,
2516,饮料,yǐnliào,,,,
2517,公路,gōnglù,,,,
2518,闪,shǎn,,,,
2519,铁,tiě,,,,
2520,主题,zhǔtí,,,,
2521,海盗,hǎidào,,,,
2522,一点儿,yìdiǎnér,,,,
2523,既,jì,,,,
2524,幸存者,xìngcúnzhě,,,,
2525,增加,zēngjiā,,,,
2526,当中,dāngzhōng,,,,
2527,牙齿,yáchǐ,,,,
2528,敲,qiāo,,,,
2529,绕,rào,,,,
2530,头脑,tóunǎo,,,,
2531,主任,zhǔrèn,,,,
2532,直升机,zhíshēngjī,,,,
2533,渴望,kěwàng,,,,
2534,领,lǐng,,,,
2535,校长,xiàozhǎng,,,,
2536,加拿大,jiānádà,,,,
2537,驾驶,jiàshǐ,,,,
2538,溜,liū,,,,
2539,全力,quánlì,,,,
2540,一团糟,yītuánzāo,,,,
2541,太空,tàikōng,,,,
2542,生病,shēngbìng,,,,
2543,艾,ài,,,,
2544,聚,jù,,,,
2545,适应,shìyìng,,,,
2546,福尔摩斯,fúěrmósī,,,,
2547,列,liè,,,,
2548,应付,yìngfù,,,,
2549,物品,wùpǐn,,,,
2550,坏人,huàirén,,,,
2551,湿,shī,,,,
2552,撑,chēng,,,,
2553,毁灭,huǐmiè,,,,
2554,诅咒,zǔzhòu,,,,
2555,眼神,yǎnshén,,,,
2556,虫,chóng,,,,
2557,古怪,gǔguài,,,,
2558,财产,cáichǎn,,,,
2559,任,rèn,,,,
2560,进攻,jìngōng,,,,
2561,剂,jì,,,,
2562,伙,huǒ,,,,
2563,然而,ránér,,,,
2564,辛苦,xīnkǔ,,,,
2565,水平,shuǐpíng,,,,
2566,发型,fàxíng,,,,
2567,打断,dǎduàn,,,,
2568,报复,bàofù,,,,
2569,吵架,chǎojià,,,,
2570,一整天,yīzhěngtiān,,,,
2571,服装,fúzhuāng,,,,
2572,敬,jìng,,,,
2573,作业,zuòyè,,,,
2574,高级,gāojí,,,,
2575,将来,jiānglái,,,,
2576,耐心,nàixīn,,,,
2577,欧洲,ōuzhōu,,,,
2578,风险,fēngxiǎn,,,,
2579,挡,dǎng,,,,
2580,沙发,shāfā,,,,
2581,强奸,qiángjiān,,,,
2582,后果,hòuguǒ,,,,
2583,移,yí,,,,
2584,拨,bō,,,,
2585,荒谬,huāngmiù,,,,
2586,即,jí,,,,
2587,个性,gèxìng,,,,
2588,最好,zuìhǎo,,,,
2589,男性,nánxìng,,,,
2590,收集,shōují,,,,
2591,交往,jiāowǎng,,,,
2592,国,guó,,,,
2593,中尉,zhōngwèi,,,,
2594,取得,qǔdé,,,,
2595,卡尔,kǎěr,,,,
2596,致命,zhìmìng,,,,
2597,引,yǐn,,,,
2598,卫星,wèixīng,,,,
2599,期望,qīwàng,,,,
2600,嘲笑,cháoxiào,,,,
2601,立即,lìjí,,,,
2602,避免,bìmiǎn,,,,
2603,松,sōng,,,,
2604,供,gōng,,,,
2605,保留,bǎoliú,,,,
2606,批,pī,,,,
2607,挤,jǐ,,,,
2608,各种,gèzhǒng,,,,
2609,在家,zàijiā,,,,
2610,眼前,yǎnqián,,,,
2611,捡,jiǎn,,,,
2612,冒犯,màofàn,,,,
2613,禁止,jìnzhǐ,,,,
2614,持续,chíxù,,,,
2615,台上,táishàng,,,,
2616,纳,nà,,,,
2617,游泳,yóuyǒng,,,,
2618,电子,diànzi,,,,
2619,没法,méifǎ,,,,
2620,猴子,hóuzi,,,,
2621,熟,shú,,,,
2622,娃娃,wáwá,,,,
2623,告,gào,,,,
2624,没事,méishì,,,,
2625,经济,jīngjì,,,,
2626,检,jiǎn,,,,
2627,达成,dáchéng,,,,
2628,芝加哥,zhījiāgē,,,,
2629,夫妇,fūfù,,,,
2630,座位,zuòwèi,,,,
2631,学院,xuéyuàn,,,,
2632,牛奶,niúnǎi,,,,
2633,逃走,táozǒu,,,,
2634,获胜,huòshèng,,,,
2635,一面,yímiàn,,,,
2636,采取,cǎiqǔ,,,,
2637,毫无疑问,háowúyíwèn,,,,
2638,新娘,xīnniáng,,,,
2639,升,shēng,,,,
2640,类型,lèixíng,,,,
2641,购物,gòuwù,,,,
2642,但愿,dànyuàn,,,,
2643,金属,jīnshǔ,,,,
2644,绿色,lǜsè,,,,
2645,抽烟,chōuyān,,,,
2646,竞选,jìngxuǎn,,,,
2647,合理,hélǐ,,,,
2648,检测,jiǎncè,,,,
2649,完蛋,wándàn,,,,
2650,期间,qījiān,,,,
2651,航班,hángbān,,,,
2652,暗,àn,,,,
2653,白色,báisè,,,,
2654,心中,xīnzhōng,,,,
2655,嘴里,zuǐlǐ,,,,
2656,库,kù,,,,
2657,小镇,xiǎozhèn,,,,
2658,产品,chǎnpǐn,,,,
2659,兵,bīng,,,,
2660,精力,jīnglì,,,,
2661,退休,tuìxiū,,,,
2662,亲密,qīnmì,,,,
2663,礼貌,lǐmào,,,,
2664,地下,dìxià,,,,
2665,胡说,húshuō,,,,
2666,老朋友,lǎopéngyǒu,,,,
2667,指挥,zhǐhuī,,,,
2668,强壮,qiángzhuàng,,,,
2669,割,gē,,,,
2670,对劲,duìjìn,,,,
2671,认出,rènchū,,,,
2672,制服,zhìfú,,,,
2673,坏事,huàishì,,,,
2674,查出,cháchū,,,,
2675,丑,chǒu,,,,
2676,自动,zìdòng,,,,
2677,法院,fǎyuàn,,,,
2678,西班牙,xībānyá,,,,
2679,直播,zhíbō,,,,
2680,普,pǔ,,,,
2681,拜拜,bàibài,,,,
2682,提前,tíqián,,,,
2683,宗教,zōngjiào,,,,
2684,蠢货,chǔnhuò,,,,
2685,坐牢,zuòláo,,,,
2686,森,sēn,,,,
2687,招呼,zhāohū,,,,
2688,崩溃,bēngkuì,,,,
2689,依然,yīrán,,,,
2690,平静,píngjìng,,,,
2691,乘,chéng,,,,
2692,右边,yòubiān,,,,
2693,内裤,nèikù,,,,
2694,不久,bùjiǔ,,,,
2695,牢,láo,,,,
2696,冲浪,chōnglàng,,,,
2697,外套,wàitào,,,,
2698,大事,dàshì,,,,
2699,吓坏,xiàhuài,,,,
2700,掌,zhǎng,,,,
2701,陷入,xiànrù,,,,
2702,蹲,dūn,,,,
2703,发表,fābiǎo,,,,
2704,回报,huíbào,,,,
2705,威尔,wēiěr,,,,
2706,初,chū,,,,
2707,演讲,yǎnjiǎng,,,,
2708,俄国,éguó,,,,
2709,滴,dī,,,,
2710,底下,dǐxià,,,,
2711,便宜,piányi,,,,
2712,何时,héshí,,,,
2713,戒,jiè,,,,
2714,关门,guānmén,,,,
2715,经纪人,jīngjìrén,,,,
2716,停车场,tíngchēchǎng,,,,
2717,判断,pànduàn,,,,
2718,成长,chéngzhǎng,,,,
2719,试验,shìyàn,,,,
2720,丹尼,dānní,,,,
2721,做梦,zuòmèng,,,,
2722,每年,měinián,,,,
2723,奶酪,nǎilào,,,,
2724,礼,lǐ,,,,
2725,陌生人,mòshēngrén,,,,
2726,喷,pēn,,,,
2727,抛,pāo,,,,
2728,止,zhǐ,,,,
2729,深刻,shēnkè,,,,
2730,管用,guǎnyòng,,,,
2731,军,jūn,,,,
2732,地下室,dìxiàshì,,,,
2733,划,huà,,,,
2734,流血,liúxiě,,,,
2735,光临,guānglín,,,,
2736,密,mì,,,,
2737,衬衫,chènshān,,,,
2738,金发,jīnfà,,,,
2739,摧毁,cuīhuǐ,,,,
2740,胳膊,gēbó,,,,
2741,他人,tārén,,,,
2742,俄罗斯,éluósī,,,,
2743,哥们儿,gēmener,,,,
2744,异常,yìcháng,,,,
2745,色,sè,,,,
2746,疾病,jíbìng,,,,
2747,职责,zhízé,,,,
2748,心脏病,xīnzàngbìng,,,,
2749,公众,gōngzhòng,,,,
2750,战士,zhànshì,,,,
2751,展现,zhǎnxiàn,,,,
2752,楼下,lóuxià,,,,
2753,章,zhāng,,,,
2754,妞,niū,,,,
2755,大量,dàliàng,,,,
2756,影,yǐng,,,,
2757,诗,shī,,,,
2758,李,lǐ,,,,
2759,门口,ménkǒu,,,,
2760,证词,zhèngcí,,,,
2761,斗,dòu,,,,
2762,整理,zhěnglǐ,,,,
2763,森林,sēnlín,,,,
2764,调查局,diàochájú,,,,
2765,占,zhàn,,,,
2766,强迫,qiǎngpò,,,,
2767,注定,zhùdìng,,,,
2768,暗示,ànshì,,,,
2769,手臂,shǒubì,,,,
2770,前往,qiánwǎng,,,,
2771,豁免,huòmiǎn,,,,
2772,当事人,dāngshìrén,,,,
2773,呼,hū,,,,
2774,咱,zán,,,,
2775,有空,yǒukòng,,,,
2776,百万,bǎiwàn,,,,
2777,楼梯,lóutī,,,,
2778,唉,āi,,,,
2779,呼叫,hūjiào,,,,
2780,同情,tóngqíng,,,,
2781,背景,bèijǐng,,,,
2782,下班,xiàbān,,,,
2783,士,shì,,,,
2784,比如说,bǐrúshuō,,,,
2785,绝望,juéwàng,,,,
2786,法语,fǎyǔ,,,,
2787,救护车,jiùhùchē,,,,
2788,防,fáng,,,,
2789,野,yě,,,,
2790,全新,quánxīn,,,,
2791,侠,xiá,,,,
2792,西德,xīdé,,,,
2793,说说,shuōshuō,,,,
2794,湖,hú,,,,
2795,沮丧,jǔsàng,,,,
2796,模仿,mófǎng,,,,
2797,事务所,shìwùsuǒ,,,,
2798,灾难,zāinàn,,,,
2799,采访,cǎifǎng,,,,
2800,评价,píngjià,,,,
2801,你家,nǐjiā,,,,
2802,正义,zhèngyì,,,,
2803,网站,wǎngzhàn,,,,
2804,所在,suǒzài,,,,
2805,参议员,cānyìyuán,,,,
2806,凶器,xiōngqì,,,,
2807,局长,júzhǎng,,,,
2808,成绩,chéngjì,,,,
2809,强烈,qiángliè,,,,
2810,网,wǎng,,,,
2811,意味,yìwèi,,,,
2812,垒,lěi,,,,
2813,喜剧,xǐjù,,,,
2814,殿下,diànxià,,,,
2815,碗,wǎn,,,,
2816,负,fù,,,,
2817,上课,shàngkè,,,,
2818,荣誉,róngyù,,,,
2819,尝尝,chángcháng,,,,
2820,考,kǎo,,,,
2821,设计师,shèjìshī,,,,
2822,挣,zhēng,,,,
2823,莫,mò,,,,
2824,违反,wéifǎn,,,,
2825,阶段,jiēduàn,,,,
2826,否认,fǒurèn,,,,
2827,商量,shāngliáng,,,,
2828,什么的,shénmede,,,,
2829,出于,chūyú,,,,
2830,蒙,méng,,,,
2831,站住,zhànzhù,,,,
2832,牛仔,niúzǎi,,,,
2833,尼克,níkè,,,,
2834,香槟,xiāngbīn,,,,
2835,偷走,tōuzǒu,,,,
2836,艺术家,yìshùjiā,,,,
2837,屋里,wūlǐ,,,,
2838,克莱尔,kèláiěr,,,,
2839,欧,ōu,,,,
2840,技巧,jìqiǎo,,,,
2841,情感,qínggǎn,,,,
2842,中央,zhōngyāng,,,,
2843,提议,tíyì,,,,
2844,逃避,táobì,,,,
2845,每周,měizhōu,,,,
2846,罪名,zuìmíng,,,,
2847,街区,jiēqū,,,,
2848,频道,píndào,,,,
2849,时期,shíqī,,,,
2850,公共,gōnggòng,,,,
2851,物质,wùzhì,,,,
2852,传说,chuánshuō,,,,
2853,射击,shèjī,,,,
2854,伸,shēn,,,,
2855,音,yīn,,,,
2856,即便,jíbiàn,,,,
2857,眼镜,yǎnjìng,,,,
2858,愿望,yuànwàng,,,,
2859,屋顶,wūdǐng,,,,
2860,起床,qǐchuáng,,,,
2861,兔子,tùzi,,,,
2862,大赛,dàsài,,,,
2863,形象,xíngxiàng,,,,
2864,皮特,pítè,,,,
2865,事物,shìwù,,,,
2866,袋子,dàizi,,,,
2867,鲍勃,bàobó,,,,
2868,发疯,fāfēng,,,,
2869,以外,yǐwài,,,,
2870,绳子,shéngzi,,,,
2871,圣经,shèngjīng,,,,
2872,可能性,kěnéngxìng,,,,
2873,别无选择,biéwúxuǎnzé,,,,
2874,血迹,xuèjì,,,,
2875,美味,měiwèi,,,,
2876,总部,zǒngbù,,,,
2877,阿姨,āyí,,,,
2878,发挥,fāhuī,,,,
2879,机密,jīmì,,,,
2880,主角,zhǔjué,,,,
2881,安娜,ānnà,,,,
2882,纪念,jìniàn,,,,
2883,全球,quánqiú,,,,
2884,警察局,jǐngchájú,,,,
2885,倒霉,dǎoméi,,,,
2886,胸部,xiōngbù,,,,
2887,劲,jìn,,,,
2888,恶,è,,,,
2889,旁,páng,,,,
2890,忠诚,zhōngchéng,,,,
2891,胡子,húzi,,,,
2892,大哥,dàgē,,,,
2893,小妞,xiǎoniū,,,,
2894,橄榄球,gǎnlǎnqiú,,,,
2895,体内,tǐnèi,,,,
2896,拔,bá,,,,
2897,外星人,wàixīngrén,,,,
2898,毕竟,bìjìng,,,,
2899,走廊,zǒuláng,,,,
2900,墙上,qiángshàng,,,,
2901,症状,zhèngzhuàng,,,,
2902,当初,dāngchū,,,,
2903,道德,dàodé,,,,
2904,骨,gǔ,,,,
2905,睡着,shuìzháo,,,,
2906,安慰,ānwèi,,,,
2907,宝,bǎo,,,,
2908,系列,xìliè,,,,
2909,有着,yǒuzhe,,,,
2910,趣,qù,,,,
2911,肌肉,jīròu,,,,
2912,保重,bǎozhòng,,,,
2913,科学家,kēxuéjiā,,,,
2914,快要,kuàiyào,,,,
2915,震惊,zhènjīng,,,,
2916,娱乐,yúlè,,,,
2917,反抗,fǎnkàng,,,,
2918,噩梦,èmèng,,,,
2919,心灵,xīnlíng,,,,
2920,应得,yīngdé,,,,
2921,奶,nǎi,,,,
2922,掩护,yǎnhù,,,,
2923,睁,zhēng,,,,
2924,土,tǔ,,,,
2925,镜子,jìngzi,,,,
2926,情人,qíngrén,,,,
2927,经典,jīngdiǎn,,,,
2928,活力,huólì,,,,
2929,父,fù,,,,
2930,职,zhí,,,,
2931,图书馆,túshūguǎn,,,,
2932,显得,xiǎnde,,,,
2933,谎,huǎng,,,,
2934,死刑,sǐxíng,,,,
2935,进步,jìnbù,,,,
2936,追求,zhuīqiú,,,,
2937,爱尔兰,àiěrlán,,,,
2938,亨利,hēnglì,,,,
2939,苹果,píngguǒ,,,,
2940,南方,nánfāng,,,,
2941,天生,tiānshēng,,,,
2942,傻子,shǎzi,,,,
2943,浴室,yùshì,,,,
2944,求婚,qiúhūn,,,,
2945,传奇,chuánqí,,,,
2946,杆,gān,,,,
2947,苦,kǔ,,,,
2948,料,liào,,,,
2949,枚,méi,,,,
2950,喽,lóu,,,,
2951,石,shí,,,,
2952,会见,huìjiàn,,,,
2953,走路,zǒulù,,,,
2954,手中,shǒuzhōng,,,,
2955,想见,xiǎngjiàn,,,,
2956,涂,tú,,,,
2957,伊拉克,yīlākè,,,,
2958,不止,bùzhǐ,,,,
2959,顾问,gùwèn,,,,
2960,障碍,zhàngài,,,,
2961,危机,wēijī,,,,
2962,趁,chèn,,,,
2963,敏感,mǐngǎn,,,,
2964,博物馆,bówùguǎn,,,,
2965,周五,zhōuwǔ,,,,
2966,摄像机,shèxiàngjī,,,,
2967,失,shī,,,,
2968,打破,dǎpò,,,,
2969,手下,shǒuxià,,,,
2970,文化,wénhuà,,,,
2971,马克,mǎkè,,,,
2972,遵守,zūnshǒu,,,,
2973,飞船,fēichuán,,,,
2974,保守,bǎoshǒu,,,,
2975,维持,wéichí,,,,
2976,主管,zhǔguǎn,,,,
2977,刮,guā,,,,
2978,绿,lǜ,,,,
2979,主义,zhǔyì,,,,
2980,常常,chángcháng,,,,
2981,摄影师,shèyǐngshī,,,,
2982,煮,zhǔ,,,,
2983,营地,yíngdì,,,,
2984,承担,chéngdān,,,,
2985,指挥官,zhǐhuīguān,,,,
2986,凶,xiōng,,,,
2987,大厅,dàtīng,,,,
2988,缺,quē,,,,
2989,泰,tài,,,,
2990,出事,chūshì,,,,
2991,打扫,dǎsǎo,,,,
2992,拆,chāi,,,,
2993,希腊,xīlà,,,,
2994,花园,huāyuán,,,,
2995,四处,sìchù,,,,
2996,术,shù,,,,
2997,订婚,dìnghūn,,,,
2998,世,shì,,,,
2999,豁免权,huòmiǎnquán,,,,
3000,郡,jùn,,,,
3001,草,cǎo,,,,
3002,遭,zāo,,,,
3003,罐,guàn,,,,
3004,广播,guǎngbō,,,,
3005,西班牙语,xībānyáyǔ,,,,
3006,威士忌,wēishìjì,,,,
3007,厌倦,yànjuàn,,,,
3008,大声,dàshēng,,,,
3009,天空,tiānkōng,,,,
3010,粘,zhān,,,,
3011,妙,miào,,,,
3012,本地,běndì,,,,
3013,冰箱,bīngxiāng,,,,
3014,沙,shā,,,,
3015,万岁,wànsuì,,,,
3016,合伙人,héhuǒrén,,,,
3017,视频,shìpín,,,,
3018,答,dá,,,,
3019,治安,zhìān,,,,
3020,穿着,chuānzhe,,,,
3021,出卖,chūmài,,,,
3022,标记,biāojì,,,,
3023,全身,quánshēn,,,,
3024,专门,zhuānmén,,,,
3025,外科,wàikē,,,,
3026,钢琴,gāngqín,,,,
3027,会面,huìmiàn,,,,
3028,女郎,nǚláng,,,,
3029,复仇,fùchóu,,,,
3030,数学,shùxué,,,,
3031,至于,zhìyú,,,,
3032,商,shāng,,,,
3033,篮球,lánqiú,,,,
3034,登记,dēngjì,,,,
3035,尝,cháng,,,,
3036,骂,mà,,,,
3037,护,hù,,,,
3038,指导,zhǐdǎo,,,,
3039,界,jiè,,,,
3040,诊所,zhěnsuǒ,,,,
3041,流行,liúxíng,,,,
3042,材料,cáiliào,,,,
3043,揭晓,jiēxiǎo,,,,
3044,不安,bùān,,,,
3045,昏迷,hūnmí,,,,
3046,帮帮,bāngbāng,,,,
3047,搜,sōu,,,,
3048,午夜,wǔyè,,,,
3049,相关,xiāngguān,,,,
3050,身材,shēncái,,,,
3051,汤米,tāngmǐ,,,,
3052,讽刺,fěngcì,,,,
3053,齐,qí,,,,
3054,凌晨,língchén,,,,
3055,校,xiào,,,,
3056,侮辱,wǔrǔ,,,,
3057,海岸,hǎiàn,,,,
3058,晋级,jìnjí,,,,
3059,直觉,zhíjué,,,,
3060,兹,zī,,,,
3061,作出,zuòchū,,,,
3062,古,gǔ,,,,
3063,保罗,bǎoluó,,,,
3064,废物,fèiwù,,,,
3065,暴露,bàolù,,,,
3066,绅士,shēnshì,,,,
3067,虫子,chóngzi,,,,
3068,台词,táicí,,,,
3069,地盘,dìpán,,,,
3070,公民,gōngmín,,,,
3071,抓紧,zhuājǐn,,,,
3072,看起来,kànqǐlái,,,,
3073,鸡蛋,jīdàn,,,,
3074,残忍,cánrěn,,,,
3075,摄像头,shèxiàngtóu,,,,
3076,关上,guānshàng,,,,
3077,播,bō,,,,
3078,造型,zàoxíng,,,,
3079,孩儿,háiér,,,,
3080,对话,duìhuà,,,,
3081,圆,yuán,,,,
3082,不论,bùlùn,,,,
3083,镇上,zhènshàng,,,,
3084,我家,wǒjiā,,,,
3085,小姑娘,xiǎogūniáng,,,,
3086,沉默,chénmò,,,,
3087,详细,xiángxì,,,,
3088,严肃,yánsù,,,,
3089,嫌疑犯,xiányífàn,,,,
3090,钻,zuān,,,,
3091,迹象,jìxiàng,,,,
3092,神圣,shénshèng,,,,
3093,空中,kōngzhōng,,,,
3094,度假,dùjià,,,,
3095,整整,zhěngzhěng,,,,
3096,航空,hángkōng,,,,
3097,探长,tànzhǎng,,,,
3098,开火,kāihuǒ,,,,
3099,仓库,cāngkù,,,,
3100,吉他,jítā,,,,
3101,码头,mǎtóu,,,,
3102,庭,tíng,,,,
3103,顺,shùn,,,,
3104,散,sàn,,,,
3105,随着,suízhe,,,,
3106,放到,fàngdào,,,,
3107,巧合,qiǎohé,,,,
3108,山姆,shānmǔ,,,,
3109,怀,huái,,,,
3110,配合,pèihé,,,,
3111,称呼,chēnghū,,,,
3112,女子,nǚzǐ,,,,
3113,具有,jùyǒu,,,,
3114,好样,hǎoyàng,,,,
3115,大不了,dàbùliǎo,,,,
3116,刚好,gānghǎo,,,,
3117,本人,běnrén,,,,
3118,补偿,bǔcháng,,,,
3119,忏悔,chànhuǐ,,,,
3120,跟着,gēnzhe,,,,
3121,明早,míngzǎo,,,,
3122,第六,dìliù,,,,
3123,自行车,zìxíngchē,,,,
3124,喜,xǐ,,,,
3125,休,xiū,,,,
3126,犹太,yóutài,,,,
3127,逗,dòu,,,,
3128,标志,biāozhì,,,,
3129,现,xiàn,,,,
3130,患,huàn,,,,
3131,蜘蛛,zhīzhū,,,,
3132,狗屁,gǒupì,,,,
3133,汉堡,hànbǎo,,,,
3134,着急,zháojí,,,,
3135,冲动,chōngdòng,,,,
3136,带子,dàizi,,,,
3137,演奏,yǎnzòu,,,,
3138,亲眼,qīnyǎn,,,,
3139,善,shàn,,,,
3140,富有,fùyǒu,,,,
3141,幻觉,huànjué,,,,
3142,封面,fēngmiàn,,,,
3143,赚钱,zhuànqián,,,,
3144,缠,chán,,,,
3145,羊,yáng,,,,
3146,周六,zhōuliù,,,,
3147,偷偷,tōutōu,,,,
3148,对抗,duìkàng,,,,
3149,城堡,chéngbǎo,,,,
3150,蛮,mán,,,,
3151,降落,jiàngluò,,,,
3152,巧,qiǎo,,,,
3153,杀人犯,shārénfàn,,,,
3154,平常,píngcháng,,,,
3155,摇,yáo,,,,
3156,按摩,ànmó,,,,
3157,本身,běnshēn,,,,
3158,疑犯,yífàn,,,,
3159,奴隶,núlì,,,,
3160,熬,áo,,,,
3161,赶上,gǎnshàng,,,,
3162,吓人,xiàrén,,,,
3163,枪击,qiāngjī,,,,
3164,迈克尔,màikèěr,,,,
3165,功夫,gōngfu,,,,
3166,乡村,xiāngcūn,,,,
3167,完整,wánzhěng,,,,
3168,苏格兰,sūgélán,,,,
3169,在意,zàiyì,,,,
3170,嘴巴,zuǐbā,,,,
3171,老大,lǎodà,,,,
3172,大道,dàdào,,,,
3173,拜访,bàifǎng,,,,
3174,迈克,màikè,,,,
3175,詹姆斯,zhānmǔsī,,,,
3176,相互,xiānghù,,,,
3177,样本,yàngběn,,,,
3178,决不,juébù,,,,
3179,黑帮,hēibāng,,,,
3180,肩膀,jiānbǎng,,,,
3181,宣传,xuānchuán,,,,
3182,严格,yángé,,,,
3183,奖励,jiǎnglì,,,,
3184,悲剧,bēijù,,,,
3185,买卖,mǎimài,,,,
3186,交谈,jiāotán,,,,
3187,引擎,yǐnqíng,,,,
3188,遇,yù,,,,
3189,膝盖,xīgài,,,,
3190,印第安,yìndìān,,,,
3191,谈判,tánpàn,,,,
3192,股,gǔ,,,,
3193,形,xíng,,,,
3194,瘦,shòu,,,,
3195,医学,yīxué,,,,
3196,以下,yǐxià,,,,
3197,日记,rìjì,,,,
3198,蕾,lěi,,,,
3199,隔壁,gébì,,,,
3200,运动员,yùndòngyuán,,,,
3201,商业,shāngyè,,,,
3202,食品,shípǐn,,,,
3203,自私,zìsī,,,,
3204,解开,jiěkāi,,,,
3205,下手,xiàshǒu,,,,
3206,乖乖,guāiguāi,,,,
3207,闯进,chuǎngjìn,,,,
3208,提高,tígāo,,,,
3209,晚点,wǎndiǎn,,,,
3210,宰,zǎi,,,,
3211,其他人,qítārén,,,,
3212,贼,zéi,,,,
3213,沙漠,shāmò,,,,
3214,档,dàng,,,,
3215,凯文,kǎiwén,,,,
3216,亿,yì,,,,
3217,手套,shǒutào,,,,
3218,偶尔,ǒuěr,,,,
3219,种族,zhǒngzú,,,,
3220,必,bì,,,,
3221,色情,sèqíng,,,,
3222,宫,gōng,,,,
3223,面临,miànlín,,,,
3224,等于,děngyú,,,,
3225,赶到,gǎndào,,,,
3226,当心,dāngxīn,,,,
3227,入侵,rùqīn,,,,
3228,经营,jīngyíng,,,,
3229,出席,chūxí,,,,
3230,量,liàng,,,,
3231,课程,kèchéng,,,,
3232,字母,zìmǔ,,,,
3233,家长,jiāzhǎng,,,,
3234,萝,luó,,,,
3235,舌头,shétou,,,,
3236,消灭,xiāomiè,,,,
3237,胖子,pàngzi,,,,
3238,仔,zǎi,,,,
3239,项链,xiàngliàn,,,,
3240,实际,shíjì,,,,
3241,缝,fèng,,,,
3242,乐趣,lèqù,,,,
3243,得知,dézhī,,,,
3244,虐待,nüèdài,,,,
3245,舔,tiǎn,,,,
3246,幕,mù,,,,
3247,面具,miànjù,,,,
3248,快速,kuàisù,,,,
3249,预约,yùyuē,,,,
3250,比利,bǐlì,,,,
3251,电视台,diànshìtái,,,,
3252,起飞,qǐfēi,,,,
3253,友好,yǒuhǎo,,,,
3254,薪水,xīnshuǐ,,,,
3255,哈里,hālǐ,,,,
3256,相反,xiāngfǎn,,,,
3257,惊,jīng,,,,
3258,没用,méiyòng,,,,
3259,波士顿,bōshìdùn,,,,
3260,劝,quàn,,,,
3261,资金,zījīn,,,,
3262,室友,shìyǒu,,,,
3263,做好,zuòhǎo,,,,
3264,明晚,míngwǎn,,,,
3265,原则,yuánzé,,,,
3266,妹,mèi,,,,
3267,理智,lǐzhì,,,,
3268,哪怕,nǎpà,,,,
3269,封锁,fēngsuǒ,,,,
3270,夹,jiā,,,,
3271,诉讼,sùsòng,,,,
3272,吞,tūn,,,,
3273,高度,gāodù,,,,
3274,纪录,jìlù,,,,
3275,玉米,yùmǐ,,,,
3276,基因,jīyīn,,,,
3277,上司,shàngsī,,,,
3278,宠物,chǒngwù,,,,
3279,灰,huī,,,,
3280,晚会,wǎnhuì,,,,
3281,瞒,mán,,,,
3282,广场,guǎngchǎng,,,,
3283,职位,zhíwèi,,,,
3284,称为,chēngwéi,,,,
3285,黄色,huángsè,,,,
3286,可恶,kěwù,,,,
3287,星星,xīngxīng,,,,
3288,踏,tà,,,,
3289,一百,yìbǎi,,,,
3290,扎,zhā,,,,
3291,制,zhì,,,,
3292,确切,quèqiè,,,,
3293,族,zú,,,,
3294,支援,zhīyuán,,,,
3295,限制,xiànzhì,,,,
3296,找回,zhǎohuí,,,,
3297,之下,zhīxià,,,,
3298,肮脏,āngzāng,,,,
3299,大夫,dàfū,,,,
3300,澡,zǎo,,,,
3301,无数,wúshù,,,,
3302,排练,páiliàn,,,,
3303,评论,pínglùn,,,,
3304,与众不同,yǔzhòngbùtóng,,,,
3305,烫,tàng,,,,
3306,善良,shànliáng,,,,
3307,可悲,kěbēi,,,,
3308,不准,bùzhǔn,,,,
3309,基金,jījīn,,,,
3310,球队,qiúduì,,,,
3311,友谊,yǒuyì,,,,
3312,侧,cè,,,,
3313,餐,cān,,,,
3314,出门,chūmén,,,,
3315,王八,wángbā,,,,
3316,大会,dàhuì,,,,
3317,位子,wèizi,,,,
3318,不会,búhuì,,,,
3319,上场,shàngchǎng,,,,
3320,投降,tóuxiáng,,,,
3321,表面,biǎomiàn,,,,
3322,击中,jīzhòng,,,,
3323,欢呼,huānhū,,,,
3324,足,zú,,,,
3325,主席,zhǔxí,,,,
3326,准确,zhǔnquè,,,,
3327,智慧,zhìhuì,,,,
3328,灵感,línggǎn,,,,
3329,漫画,mànhuà,,,,
3330,莎拉,shālā,,,,
3331,性爱,xìngài,,,,
3332,易,yì,,,,
3333,饭店,fàndiàn,,,,
3334,主动,zhǔdòng,,,,
3335,平时,píngshí,,,,
3336,钉,dīng,,,,
3337,对面,duìmiàn,,,,
3338,囚犯,qiúfàn,,,,
3339,骗人,piànrén,,,,
3340,且,qiě,,,,
3341,联合,liánhé,,,,
3342,异,yì,,,,
3343,角落,jiǎoluò,,,,
3344,漏,lòu,,,,
3345,预言,yùyán,,,,
3346,大师,dàshī,,,,
3347,气氛,qìfēn,,,,
3348,批准,pīzhǔn,,,,
3349,静,jìng,,,,
3350,脾气,píqì,,,,
3351,碎片,suìpiàn,,,,
3352,无罪,wúzuì,,,,
3353,逃脱,táotuō,,,,
3354,价格,jiàgé,,,,
3355,策略,cèlüè,,,,
3356,老头,lǎotóu,,,,
3357,嘻,xī,,,,
3358,可靠,kěkào,,,,
3359,领先,lǐngxiān,,,,
3360,装备,zhuāngbèi,,,,
3361,体验,tǐyàn,,,,
3362,亲爱的,qīnàide,,,,
3363,妳,nǐ,,,,
3364,素,sù,,,,
3365,坏蛋,huàidàn,,,,
3366,中午,zhōngwǔ,,,,
3367,录音,lùyīn,,,,
3368,照看,zhàokàn,,,,
3369,阿门,āmén,,,,
3370,货车,huòchē,,,,
3371,得分,défēn,,,,
3372,编辑,biānjí,,,,
3373,忘掉,wàngdiào,,,,
3374,性格,xìnggé,,,,
3375,流氓,liúmáng,,,,
3376,独舞,dúwǔ,,,,
3377,优势,yōushì,,,,
3378,声明,shēngmíng,,,,
3379,馅饼,xiànbǐng,,,,
3380,行事,xíngshì,,,,
3381,临时,línshí,,,,
3382,黄金,huángjīn,,,,
3383,明年,míngnián,,,,
3384,懂得,dǒngde,,,,
3385,排除,páichú,,,,
3386,欲,yù,,,,
3387,小孩子,xiǎoháizi,,,,
3388,克里斯,kèlǐsī,,,,
3389,温柔,wēnróu,,,,
3390,夫妻,fūqī,,,,
3391,成交,chéngjiāo,,,,
3392,耳,ěr,,,,
3393,皇后,huánghòu,,,,
3394,鼓励,gǔlì,,,,
3395,签字,qiānzì,,,,
3396,金钱,jīnqián,,,,
3397,尽可能,jǐnkěnéng,,,,
3398,读书,dúshū,,,,
3399,成就,chéngjiù,,,,
3400,教会,jiàohuì,,,,
3401,老人,lǎorén,,,,
3402,率,lǜ,,,,
3403,消防,xiāofáng,,,,
3404,方案,fāngàn,,,,
3405,形容,xíngróng,,,,
3406,警卫,jǐngwèi,,,,
3407,矮,ǎi,,,,
3408,树林,shùlín,,,,
3409,吼,hǒu,,,,
3410,到此为止,dàocǐwéizhǐ,,,,
3411,一无所知,yīwúsuǒzhī,,,,
3412,设,shè,,,,
3413,利益,lìyì,,,,
3414,寻求,xúnqiú,,,,
3415,古巴,gǔbā,,,,
3416,收回,shōuhuí,,,,
3417,发动,fādòng,,,,
3418,怪异,guàiyì,,,,
3419,心跳,xīntiào,,,,
3420,集团,jítuán,,,,
3421,地铁,dìtiě,,,,
3422,询问,xúnwèn,,,,
3423,道路,dàolù,,,,
3424,军事,jūnshì,,,,
3425,捐,juān,,,,
3426,协助,xiézhù,,,,
3427,及时,jíshí,,,,
3428,超人,chāorén,,,,
3429,销售,xiāoshòu,,,,
3430,迷路,mílù,,,,
3431,体育,tǐyù,,,,
3432,结论,jiélùn,,,,
3433,平衡,pínghéng,,,,
3434,鲨鱼,shāyú,,,,
3435,接吻,jiēwěn,,,,
3436,乘客,chéngkè,,,,
3437,精,jīng,,,,
3438,隔,gé,,,,
3439,通道,tōngdào,,,,
3440,价钱,jiàqián,,,,
3441,人群,rénqún,,,,
3442,动力,dònglì,,,,
3443,西蒙,xīméng,,,,
3444,托尼,tuōní,,,,
3445,阴谋,yīnmóu,,,,
3446,慢慢来,mànmànlái,,,,
3447,良好,liánghǎo,,,,
3448,尺,chǐ,,,,
3449,性命,xìngmìng,,,,
3450,桌,zhuō,,,,
3451,为此,wèicǐ,,,,
3452,赶走,gǎnzǒu,,,,
3453,二十,èrshí,,,,
3454,手枪,shǒuqiāng,,,,
3455,工人,gōngrén,,,,
3456,自愿,zìyuàn,,,,
3457,维加斯,wéijiāsī,,,,
3458,孤单,gūdān,,,,
3459,棵,kē,,,,
3460,协会,xiéhuì,,,,
3461,啰,luō,,,,
3462,喉咙,hóulóng,,,,
3463,足球,zúqiú,,,,
3464,目击,mùjī,,,,
3465,爆发,bàofā,,,,
3466,祝福,zhùfú,,,,
3467,清白,qīngbái,,,,
3468,一两,yīliǎng,,,,
3469,争,zhēng,,,,
3470,措施,cuòshī,,,,
3471,困扰,kùnrǎo,,,,
3472,陷害,xiànhài,,,,
3473,进一步,jìnyíbù,,,,
3474,胡,hú,,,,
3475,款,kuǎn,,,,
3476,瞄准,miáozhǔn,,,,
3477,化学,huàxué,,,,
3478,荒唐,huāngtáng,,,,
3479,调整,tiáozhěng,,,,
3480,审讯,shěnxùn,,,,
3481,随意,suíyì,,,,
3482,人选,rénxuǎn,,,,
3483,少校,shàoxiào,,,,
3484,场景,chǎngjǐng,,,,
3485,飞行员,fēixíngyuán,,,,
3486,惊人,jīngrén,,,,
3487,围,wéi,,,,
3488,一家,yījiā,,,,
3489,康复,kāngfù,,,,
3490,策划,cèhuà,,,,
3491,火灾,huǒzāi,,,,
3492,费用,fèiyòng,,,,
3493,弥补,míbǔ,,,,
3494,胃,wèi,,,,
3495,大门,dàmén,,,,
3496,连接,liánjiē,,,,
3497,韩国,hánguó,,,,
3498,理想,lǐxiǎng,,,,
3499,党,dǎng,,,,
3500,过敏,guòmǐn,,,,
3501,凯特,kǎitè,,,,
3502,吉姆,jímǔ,,,,
3503,点子,diǎnzi,,,,
3504,科技,kējì,,,,
3505,包裹,bāoguǒ,,,,
3506,工资,gōngzī,,,,
3507,杜,dù,,,,
3508,小小的,xiǎoxiǎode,,,,
3509,衣,yī,,,,
3510,妇女,fùnǚ,,,,
3511,来源,láiyuán,,,,
3512,判决,pànjué,,,,
3513,刻,kè,,,,
3514,路线,lùxiàn,,,,
3515,地毯,dìtǎn,,,,
3516,依靠,yīkào,,,,
3517,扔掉,rēngdiào,,,,
3518,裸体,luǒtǐ,,,,
3519,陷阱,xiànjǐng,,,,
3520,公正,gōngzhèng,,,,
3521,总算,zǒngsuàn,,,,
3522,真心,zhēnxīn,,,,
3523,来着,láizhe,,,,
3524,古老,gǔlǎo,,,,
3525,不妙,bùmiào,,,,
3526,伪装,wěizhuāng,,,,
3527,兮,xī,,,,
3528,宴会,yànhuì,,,,
3529,委托,wěituō,,,,
3530,白宫,báigōng,,,,
3531,发送,fāsòng,,,,
3532,犬,quǎn,,,,
3533,冲突,chōngtū,,,,
3534,指示,zhǐshì,,,,
3535,只好,zhǐhǎo,,,,
3536,柜,guì,,,,
3537,散步,sànbù,,,,
3538,化妆,huàzhuāng,,,,
3539,郎,láng,,,,
3540,莎,shā,,,,
3541,别提,biétí,,,,
3542,博,bó,,,,
3543,上午,shàngwǔ,,,,
3544,捅,tǒng,,,,
3545,剧院,jùyuàn,,,,
3546,卑鄙,bēibǐ,,,,
3547,端,duān,,,,
3548,怀念,huáiniàn,,,,
3549,宽恕,kuānshù,,,,
3550,握,wò,,,,
3551,原本,yuánběn,,,,
3552,见识,jiànshí,,,,
3553,贝,bèi,,,,
3554,所作所为,suǒzuòsuǒwéi,,,,
3555,创意,chuàngyì,,,,
3556,代替,dàitì,,,,
3557,汁,zhī,,,,
3558,人士,rénshì,,,,
3559,干脆,gāncuì,,,,
3560,户,hù,,,,
3561,脆弱,cuìruò,,,,
3562,水果,shuǐguǒ,,,,
3563,这家,zhèjiā,,,,
3564,局里,júlǐ,,,,
3565,玩玩,wánwán,,,,
3566,幸,xìng,,,,
3567,争霸,zhēngbà,,,,
3568,侵犯,qīnfàn,,,,
3569,一百万,yìbǎiwàn,,,,
3570,无意,wúyì,,,,
3571,温暖,wēnnuǎn,,,,
3572,珠宝,zhūbǎo,,,,
3573,提起,tíqǐ,,,,
3574,大伙,dàhuǒ,,,,
3575,器官,qìguān,,,,
3576,讨,tǎo,,,,
3577,出版,chūbǎn,,,,
3578,切断,qiēduàn,,,,
3579,玫瑰,méiguī,,,,
3580,崇拜,chóngbài,,,,
3581,前妻,qiánqī,,,,
3582,失败者,shībàizhě,,,,
3583,考验,kǎoyàn,,,,
3584,罪行,zuìxíng,,,,
3585,效劳,xiàoláo,,,,
3586,时装,shízhuāng,,,,
3587,稍后,shāohòu,,,,
3588,搬家,bānjiā,,,,
3589,主持,zhǔchí,,,,
3590,男子,nánzi,,,,
3591,罪恶,zuìè,,,,
3592,活儿,huóer,,,,
3593,用来,yònglái,,,,
3594,视,shì,,,,
3595,远远,yuǎnyuǎn,,,,
3596,哈利,hālì,,,,
3597,扫描,sǎomiáo,,,,
3598,假期,jiàqī,,,,
3599,题,tí,,,,
3600,缺乏,quēfá,,,,
3601,义务,yìwù,,,,
3602,连续,liánxù,,,,
3603,一时,yīshí,,,,
3604,猛,měng,,,,
3605,白天,báitiān,,,,
3606,欲望,yùwàng,,,,
3607,魔术,móshù,,,,
3608,连环,liánhuán,,,,
3609,蜜蜂,mìfēng,,,,
3610,之所以,zhīsuǒyǐ,,,,
3611,拉斯维加斯,lāsīwéijiāsī,,,,
3612,除,chú,,,,
3613,实力,shílì,,,,
3614,精灵,jīnglíng,,,,
3615,夸张,kuāzhāng,,,,
3616,失控,shīkòng,,,,
3617,桌上,zhuōshàng,,,,
3618,一千,yīqiān,,,,
3619,赌博,dǔbó,,,,
3620,处境,chǔjìng,,,,
3621,礼服,lǐfú,,,,
3622,卧底,wòdǐ,,,,
3623,零,líng,,,,
3624,专辑,zhuānjí,,,,
3625,保存,bǎocún,,,,
3626,晃,huǎng,,,,
3627,修好,xiūhǎo,,,,
3628,曼,màn,,,,
3629,感动,gǎndòng,,,,
3630,继承,jìchéng,,,,
3631,如今,rújīn,,,,
3632,打球,dǎqiú,,,,
3633,染,rǎn,,,,
3634,祖母,zǔmǔ,,,,
3635,老爹,lǎodiē,,,,
3636,企图,qǐtú,,,,
3637,沾,zhān,,,,
3638,不如,bùrú,,,,
3639,裤,kù,,,,
3640,雇佣,gùyōng,,,,
3641,保险箱,bǎoxiǎnxiāng,,,,
3642,隔离,gélí,,,,
3643,西装,xīzhuāng,,,,
3644,福,fú,,,,
3645,罚,fá,,,,
3646,晓得,xiǎode,,,,
3647,旅,lǚ,,,,
3648,厨,chú,,,,
3649,迟早,chízǎo,,,,
3650,电台,diàntái,,,,
3651,无能为力,wúnéngwéilì,,,,
3652,生涯,shēngyá,,,,
3653,护照,hùzhào,,,,
3654,後,hòu,,,,
3655,知识,zhīshí,,,,
3656,开会,kāihuì,,,,
3657,支付,zhīfù,,,,
3658,领袖,lǐngxiù,,,,
3659,小偷,xiǎotōu,,,,
3660,观看,guānkàn,,,,
3661,挣扎,zhēngzhá,,,,
3662,球员,qiúyuán,,,,
3663,丁,dīng,,,,
3664,英寸,yīngcùn,,,,
3665,推荐,tuījiàn,,,,
3666,骚扰,sāorǎo,,,,
3667,收养,shōuyǎng,,,,
3668,引爆,yǐnbào,,,,
3669,裸,luǒ,,,,
3670,节日,jiérì,,,,
3671,难堪,nánkān,,,,
3672,硬币,yìngbì,,,,
3673,许可,xǔkě,,,,
3674,成年人,chéngniánrén,,,,
3675,深呼吸,shēnhūxī,,,,
3676,吻合,wěnhé,,,,
3677,汇报,huìbào,,,,
3678,丢脸,diūliǎn,,,,
3679,难受,nánshòu,,,,
3680,放屁,fàngpì,,,,
3681,鼓掌,gǔzhǎng,,,,
3682,旅程,lǚchéng,,,,
3683,奖金,jiǎngjīn,,,,
3684,热狗,règǒu,,,,
3685,马丁,mǎdīng,,,,
3686,片子,piānzi,,,,
3687,末日,mòrì,,,,
3688,糖果,tángguǒ,,,,
3689,目击者,mùjīzhě,,,,
3690,地面,dìmiàn,,,,
3691,待会儿,dàihuìer,,,,
3692,过度,guòdù,,,,
3693,撕,sī,,,,
3694,桩,zhuāng,,,,
3695,捉,zhuō,,,,
3696,声称,shēngchēng,,,,
3697,亚瑟,yàsè,,,,
3698,咨询,zīxún,,,,
3699,出庭,chūtíng,,,,
3700,包围,bāowéi,,,,
3701,提示,tíshì,,,,
3702,肺,fèi,,,,
3703,糊涂,hútú,,,,
3704,院,yuàn,,,,
3705,燃烧,ránshāo,,,,
3706,豪华,háohuá,,,,
3707,毒气,dúqì,,,,
3708,拳击,quánjī,,,,
3709,亚当,yàdāng,,,,
3710,修女,xiūnǚ,,,,
3711,混合,hùnhé,,,,
3712,争吵,zhēngchǎo,,,,
3713,私,sī,,,,
3714,轻易,qīngyì,,,,
3715,青,qīng,,,,
3716,幽默,yōumò,,,,
3717,明智,míngzhì,,,,
3718,走走,zǒuzǒu,,,,
3719,后退,hòutuì,,,,
3720,桶,tǒng,,,,
3721,困惑,kùnhuò,,,,
3722,武装,wǔzhuāng,,,,
3723,指甲,zhǐjiǎ,,,,
3724,透露,tòulù,,,,
3725,斗争,dòuzhēng,,,,
3726,录像带,lùxiàngdài,,,,
3727,感恩节,gǎnēnjié,,,,
3728,计,jì,,,,
3729,灯光,dēngguāng,,,,
3730,基督,jīdū,,,,
3731,酱,jiàng,,,,
3732,选举,xuǎnjǔ,,,,
3733,威廉,wēilián,,,,
3734,劫,jié,,,,
3735,追查,zhuīchá,,,,
3736,上车,shàngchē,,,,
3737,环,huán,,,,
3738,冰淇淋,bīngqílín,,,,
3739,用不着,yòngbùzhe,,,,
3740,好受,hǎoshòu,,,,
3741,足以,zúyǐ,,,,
3742,相爱,xiāngài,,,,
3743,厂,chǎng,,,,
3744,不赖,bùlài,,,,
3745,软,ruǎn,,,,
3746,人口,rénkǒu,,,,
3747,出名,chūmíng,,,,
3748,夹克,jiákè,,,,
3749,触,chù,,,,
3750,鼠,shǔ,,,,
3751,违法,wéifǎ,,,,
3752,帮派,bāngpài,,,,
3753,隐私,yǐnsī,,,,
3754,陈,chén,,,,
3755,街头,jiētóu,,,,
3756,内衣,nèiyī,,,,
3757,银,yín,,,,
3758,夏威夷,xiàwēiyí,,,,
3759,稳,wěn,,,,
3760,功能,gōngnéng,,,,
3761,第七,dìqī,,,,
3762,明确,míngquè,,,,
3763,口音,kǒuyīn,,,,
3764,闯入,chuǎngrù,,,,
3765,旋转,xuánzhuǎn,,,,
3766,品牌,pǐnpái,,,,
3767,穿越,chuānyuè,,,,
3768,刷,shuā,,,,
3769,虎,hǔ,,,,
3770,有意,yǒuyì,,,,
3771,回顾,huígù,,,,
3772,扁,biǎn,,,,
3773,孙子,sūnzi,,,,
3774,把握,bǎwò,,,,
3775,嫌疑人,xiányírén,,,,
3776,激烈,jīliè,,,,
3777,汗,hàn,,,,
3778,丢掉,diūdiào,,,,
3779,相机,xiàngjī,,,,
3780,授权,shòuquán,,,,
3781,象是,xiàngshì,,,,
3782,恕,shù,,,,
3783,欢乐,huānlè,,,,
3784,毒贩,dúfàn,,,,
3785,委托人,wěituōrén,,,,
3786,收入,shōurù,,,,
3787,老弟,lǎodì,,,,
3788,钓鱼,diàoyú,,,,
3789,酸,suān,,,,
3790,公里,gōnglǐ,,,,
3791,扶,fú,,,,
3792,集合,jíhé,,,,
3793,车站,chēzhàn,,,,
3794,私下,sīxià,,,,
3795,抚养,fǔyǎng,,,,
3796,秘书,mìshū,,,,
3797,环节,huánjié,,,,
3798,同伴,tóngbàn,,,,
3799,闯,chuǎng,,,,
3800,非得,fēiděi,,,,
3801,堂,táng,,,,
3802,全体,quántǐ,,,,
3803,事先,shìxiān,,,,
3804,说了算,shuōlesuàn,,,,
3805,凯蒂,kǎidì,,,,
3806,尽情,jìnqíng,,,,
3807,狠,hěn,,,,
3808,扭,niǔ,,,,
3809,啦啦队,laladuì,,,,
3810,这部,zhèbù,,,,
3811,做饭,zuòfàn,,,,
3812,怪兽,guàishòu,,,,
3813,基础,jīchǔ,,,,
3814,残酷,cánkù,,,,
3815,使命,shǐmìng,,,,
3816,返回,fǎnhuí,,,,
3817,杯子,bēizi,,,,
3818,害羞,hàixiū,,,,
3819,帝国,dìguó,,,,
3820,寻,xún,,,,
3821,场合,chǎnghé,,,,
3822,酒精,jiǔjīng,,,,
3823,星期五,xīngqīwǔ,,,,
3824,游泳池,yóuyǒngchí,,,,
3825,幽灵,yōulíng,,,,
3826,模型,móxíng,,,,
3827,诡异,guǐyì,,,,
3828,直说,zhíshuō,,,,
3829,准时,zhǔnshí,,,,
3830,画面,huàmiàn,,,,
3831,部长,bùzhǎng,,,,
3832,牛肉,niúròu,,,,
3833,下降,xiàjiàng,,,,
3834,可疑,kěyí,,,,
3835,恶梦,èmèng,,,,
3836,复制,fùzhì,,,,
3837,然,rán,,,,
3838,疼痛,téngtòng,,,,
3839,粉,fěn,,,,
3840,摄影,shèyǐng,,,,
3841,闪电,shǎndiàn,,,,
3842,积极,jījí,,,,
3843,灭,miè,,,,
3844,假释,jiǎshì,,,,
3845,巴斯,bāsī,,,,
3846,评估,pínggū,,,,
3847,解除,jiěchú,,,,
3848,免,miǎn,,,,
3849,车库,chēkù,,,,
3850,通讯,tōngxùn,,,,
3851,早安,zǎoān,,,,
3852,身后,shēnhòu,,,,
3853,降,jiàng,,,,
3854,华生,huáshēng,,,,
3855,早点,zǎodiǎn,,,,
3856,盘子,pánzi,,,,
3857,着呢,zhene,,,,
3858,如同,rútóng,,,,
3859,给予,jǐyǔ,,,,
3860,建造,jiànzào,,,,
3861,典型,diǎnxíng,,,,
3862,呵呵,hēhē,,,,
3863,破产,pòchǎn,,,,
3864,获,huò,,,,
3865,查看,chákàn,,,,
3866,伪造,wěizào,,,,
3867,出场,chūchǎng,,,,
3868,名义,míngyì,,,,
3869,崔,cuī,,,,
3870,半夜,bànyè,,,,
3871,赌场,dǔchǎng,,,,
3872,富,fù,,,,
3873,力气,lìqì,,,,
3874,立,lì,,,,
3875,掩盖,yǎngài,,,,
3876,官司,guānsī,,,,
3877,东京,dōngjīng,,,,
3878,过夜,guòyè,,,,
3879,发作,fāzuò,,,,
3880,以上,yǐshàng,,,,
3881,挑选,tiāoxuǎn,,,,
3882,团结,tuánjié,,,,
3883,除掉,chúdiào,,,,
3884,救援,jiùyuán,,,,
3885,速,sù,,,,
3886,趴,pā,,,,
3887,民,mín,,,,
3888,翘,qiào,,,,
3889,开头,kāitóu,,,,
3890,一模一样,yīmúyīyàng,,,,
3891,入口,rùkǒu,,,,
3892,险,xiǎn,,,,
3893,接手,jiēshǒu,,,,
3894,收看,shōukàn,,,,
3895,诱惑,yòuhuò,,,,
3896,窗,chuāng,,,,
3897,十二,shíèr,,,,
3898,遭到,zāodào,,,,
3899,火箭,huǒjiàn,,,,
3900,胡扯,húchě,,,,
3901,眼里,yǎnlǐ,,,,
3902,安迪,āndí,,,,
3903,伴,bàn,,,,
3904,瓦,wǎ,,,,
3905,袜子,wàzi,,,,
3906,容,róng,,,,
3907,暂停,zàntíng,,,,
3908,华,huá,,,,
3909,做法,zuòfǎ,,,,
3910,负担,fùdān,,,,
3911,惹麻烦,rěmáfán,,,,
3912,从不,cóngbù,,,,
3913,沙滩,shātān,,,,
3914,社交,shèjiāo,,,,
3915,烦恼,fánnǎo,,,,
3916,着火,zháohuǒ,,,,
3917,轮胎,lúntāi,,,,
3918,移民,yímín,,,,
3919,团体,tuántǐ,,,,
3920,上来,shànglái,,,,
3921,有用,yǒuyòng,,,,
3922,得了,déle,,,,
3923,抹,mǒ,,,,
3924,抢走,qiǎngzǒu,,,,
3925,村,cūn,,,,
3926,查尔斯,cháěrsī,,,,
3927,举办,jǔbàn,,,,
3928,眼泪,yǎnlèi,,,,
3929,营,yíng,,,,
3930,思,sī,,,,
3931,待命,dàimìng,,,,
3932,关联,guānlián,,,,
3933,倾向,qīngxiàng,,,,
3934,日期,rìqī,,,,
3935,赞成,zànchéng,,,,
3936,战场,zhànchǎng,,,,
3937,热爱,rèài,,,,
3938,摩托车,mótuōchē,,,,
3939,鹿,lù,,,,
3940,保住,bǎozhù,,,,
3941,击败,jībài,,,,
3942,转身,zhuǎnshēn,,,,
3943,统治,tǒngzhì,,,,
3944,遭遇,zāoyù,,,,
3945,无线电,wúxiàndiàn,,,,
3946,取决于,qǔjuéyú,,,,
3947,游行,yóuxíng,,,,
3948,胡说八道,húshuōbādào,,,,
3949,形式,xíngshì,,,,
3950,嘴唇,zuǐchún,,,,
3951,妻,qī,,,,
3952,谷,gǔ,,,,
3953,矛盾,máodùn,,,,
3954,弃,qì,,,,
3955,现象,xiànxiàng,,,,
3956,结合,jiéhé,,,,
3957,怪人,guàirén,,,,
3958,相似,xiāngsì,,,,
3959,后备,hòubèi,,,,
3960,玩偶,wánǒu,,,,
3961,领域,lǐngyù,,,,
3962,边缘,biānyuán,,,,
3963,头部,tóubù,,,,
3964,清单,qīngdān,,,,
3965,振作,zhènzuò,,,,
3966,充分,chōngfèn,,,,
3967,复活,fùhuó,,,,
3968,双胞胎,shuāngbāotāi,,,,
3969,决,jué,,,,
3970,一阵子,yīzhènzi,,,,
3971,哪些,nǎxiē,,,,
3972,修理,xiūlǐ,,,,
3973,肖恩,xiàoēn,,,,
3974,希特勒,xītèlēi,,,,
3975,笑容,xiàoróng,,,,
3976,价,jià,,,,
3977,据说,jùshuō,,,,
3978,电池,diànchí,,,,
3979,厅,tīng,,,,
3980,居民,jūmín,,,,
3981,平安,píngān,,,,
3982,搬走,bānzǒu,,,,
3983,蜡烛,làzhú,,,,
3984,星期六,xīngqīliù,,,,
3985,亲人,qīnrén,,,,
3986,厄,è,,,,
3987,家乡,jiāxiāng,,,,
3988,菲,fēi,,,,
3989,可卡因,kěkǎyīn,,,,
3990,迅速,xùnsù,,,,
3991,精神病,jīngshénbìng,,,,
3992,棺材,guāncái,,,,
3993,测,cè,,,,
3994,领带,lǐngdài,,,,
3995,牛排,niúpái,,,,
3996,情形,qíngxíng,,,,
3997,差劲,chàjìn,,,,
3998,前途,qiántú,,,,
3999,边上,biānshàng,,,,
4000,立场,lìchǎng,,,,
4001,意志,yìzhì,,,,
4002,仁慈,réncí,,,,
4003,手表,shǒubiǎo,,,,
4004,隧道,suìdào,,,,
4005,现代,xiàndài,,,,
4006,导弹,dǎodàn,,,,
4007,无比,wúbǐ,,,,
4008,一向,yíxiàng,,,,
4009,成立,chénglì,,,,
4010,甜蜜,tiánmì,,,,
4011,野兽,yěshòu,,,,
4012,弱,ruò,,,,
4013,移植,yízhí,,,,
4014,本事,běnshì,,,,
4015,突破,tūpò,,,,
4016,曼哈顿,mànhādùn,,,,
4017,尾,wěi,,,,
4018,妨碍,fángài,,,,
4019,评审,píngshěn,,,,
4020,摩,mó,,,,
4021,爱人,àirén,,,,
4022,液,yè,,,,
4023,未婚妻,wèihūnqī,,,,
4024,双手,shuāngshǒu,,,,
4025,挥,huī,,,,
4026,一共,yīgòng,,,,
4027,巫师,wūshī,,,,
4028,终,zhōng,,,,
4029,碰巧,pèngqiǎo,,,,
4030,指令,zhǐlìng,,,,
4031,装饰,zhuāngshì,,,,
4032,伦,lún,,,,
4033,鲍尔,bàoěr,,,,
4034,麦克斯,màikèsī,,,,
4035,石油,shíyóu,,,,
4036,舌,shé,,,,
4037,朗,lǎng,,,,
4038,保释,bǎoshì,,,,
4039,写信,xiěxìn,,,,
4040,诊断,zhěnduàn,,,,
4041,撤退,chètuì,,,,
4042,姓名,xìngmíng,,,,
4043,奶油,nǎiyóu,,,,
4044,沿着,yánzhe,,,,
4045,老天爷,lǎotiānyé,,,,
4046,悲惨,bēicǎn,,,,
4047,资源,zīyuán,,,,
4048,瓶子,píngzi,,,,
4049,叛徒,pàntú,,,,
4050,成人,chéngrén,,,,
4051,模式,móshì,,,,
4052,抗,kàng,,,,
4053,鸡肉,jīròu,,,,
4054,教师,jiàoshī,,,,
4055,中士,zhōngshì,,,,
4056,君,jūn,,,,
4057,忽略,hūlüè,,,,
4058,风暴,fēngbào,,,,
4059,基于,jīyú,,,,
4060,西部,xībù,,,,
4061,预测,yùcè,,,,
4062,一阵,yīzhèn,,,,
4063,优雅,yōuyǎ,,,,
4064,外表,wàibiǎo,,,,
4065,埃及,āijí,,,,
4066,幕后,mùhòu,,,,
4067,沃尔特,wòěrtè,,,,
4068,小事,xiǎoshì,,,,
4069,苏,sū,,,,
4070,独特,dútè,,,,
4071,法医,fǎyī,,,,
4072,额外,éwài,,,,
4073,沉,chén,,,,
4074,同一个,tóngyīgè,,,,
4075,干扰,gānrǎo,,,,
4076,减少,jiǎnshǎo,,,,
4077,房租,fángzū,,,,
4078,田,tián,,,,
4079,国会,guóhuì,,,,
4080,作案,zuòàn,,,,
4081,牵,qiān,,,,
4082,防守,fángshǒu,,,,
4083,欺负,qīfù,,,,
4084,挽救,wǎnjiù,,,,
4085,数据库,shùjùkù,,,,
4086,体会,tǐhuì,,,,
4087,腰,yāo,,,,
4088,生产,shēngchǎn,,,,
4089,上台,shàngtái,,,,
4090,泥,ní,,,,
4091,珍妮,zhēnnī,,,,
4092,一万,yīwàn,,,,
4093,街道,jiēdào,,,,
4094,播放,bōfàng,,,,
4095,大海,dàhǎi,,,,
4096,医师,yīshī,,,,
4097,脱离,tuōlí,,,,
